,ID,Session,Pi,Location,Date,Time,Species,Nest,Activity,Activity_t1,Temperature,Humidity
0,1,0D95,Pi01,Krielow1,5/2/2023,11:56:00 AM,Formica cinerea,A,0,NA,14.098,67.701
1,1,C1F1,Pi01,Krielow1,5/2/2023,12:12:00 PM,Formica cinerea,A,1,0,11.637,73.416
2,1,FD95,Pi01,Krielow1,5/2/2023,12:28:00 PM,Formica cinerea,A,0,1,11.71,73.205
3,1,8778,Pi01,Krielow1,5/2/2023,12:44:00 PM,Formica cinerea,A,0,0,10.883,73.852
4,1,F304,Pi01,Krielow1,5/2/2023,01:00:00 PM,Formica cinerea,A,0,0,11.224,75.259
5,1,7701,Pi01,Krielow1,5/2/2023,01:16:00 PM,Formica cinerea,A,1,0,12.195,68.188
6,1,F2E1,Pi01,Krielow1,5/2/2023,01:32:00 PM,Formica cinerea,A,0,1,12.292,66.911
7,1,446F,Pi01,Krielow1,5/2/2023,01:48:00 PM,Formica cinerea,A,0,0,12.775,66.738
8,1,6828,Pi01,Krielow1,5/2/2023,02:04:00 PM,Formica cinerea,A,0,0,12.437,65.286
9,1,D9F0,Pi01,Krielow1,5/2/2023,02:20:00 PM,Formica cinerea,A,2,0,13.233,64.143
10,1,DFB5,Pi01,Krielow1,5/2/2023,02:36:00 PM,Formica cinerea,A,5,2,14.577,58.831
11,1,592D,Pi01,Krielow1,5/2/2023,02:52:00 PM,Formica cinerea,A,5,5,13.57,59.357
12,1,7025,Pi01,Krielow1,5/2/2023,03:08:00 PM,Formica cinerea,A,7,5,13.882,59.557
13,1,2CE4,Pi01,Krielow1,5/2/2023,03:24:00 PM,Formica cinerea,A,4,7,13.064,59.038
14,1,1714,Pi01,Krielow1,5/2/2023,03:40:00 PM,Formica cinerea,A,7,4,13.04,61.643
15,2,846A,Pi05,Krielow1,5/22/2023,01:58:00 PM,Formica cinerea,B,5,NA,36.417,25.028
16,2,37,Pi05,Krielow1,5/22/2023,02:19:00 PM,Formica cinerea,B,2,5,36.065,24.757
17,2,ABA0,Pi05,Krielow1,5/22/2023,02:40:00 PM,Formica cinerea,B,0,2,35.958,20.818
18,2,DD94,Pi05,Krielow1,5/22/2023,03:01:00 PM,Formica cinerea,B,2,0,35.689,23.426
19,2,50000000,Pi05,Krielow1,5/22/2023,03:23:00 PM,Formica cinerea,B,8,2,34.229,23.4
20,2,B98A,Pi05,Krielow1,5/22/2023,03:44:00 PM,Formica cinerea,B,15,8,32.33,23.59
21,2,8DFA,Pi05,Krielow1,5/22/2023,04:05:00 PM,Formica cinerea,B,12,15,30.849,25.928
22,2,5D1B,Pi05,Krielow1,5/22/2023,04:26:00 PM,Formica cinerea,B,4,12,31.74,26.235
23,2,C5FC,Pi05,Krielow1,5/22/2023,04:47:00 PM,Formica cinerea,B,6,4,30.117,25.633
24,2,CCC9,Pi05,Krielow1,5/22/2023,05:08:00 PM,Formica cinerea,B,10,6,27.505,29.249
25,2,B5CA,Pi05,Krielow1,5/22/2023,05:29:00 PM,Formica cinerea,B,11,10,27.014,29.958
26,2,3119,Pi05,Krielow1,5/22/2023,05:50:00 PM,Formica cinerea,B,4,11,26.916,31.475
27,2,87EB,Pi05,Krielow1,5/22/2023,06:11:00 PM,Formica cinerea,B,5,4,27.014,28.426
28,2,A5CF,Pi05,Krielow1,5/22/2023,06:32:00 PM,Formica cinerea,B,3,5,26.28,29.32
29,2,BB03,Pi05,Krielow1,5/22/2023,06:53:00 PM,Formica cinerea,B,5,3,26.744,29.086
30,2,48A4,Pi05,Krielow1,5/22/2023,07:14:00 PM,Formica cinerea,B,4,5,25.963,28.887
31,2,5B1E,Pi05,Krielow1,5/22/2023,07:35:00 PM,Formica cinerea,B,3,4,24.823,31.06
32,2,6593,Pi05,Krielow1,5/22/2023,07:56:00 PM,Formica cinerea,B,4,3,23.545,31.756
33,2,5C05,Pi05,Krielow1,5/22/2023,08:17:00 PM,Formica cinerea,B,6,4,22.992,31.975
34,2,FEC1,Pi05,Krielow1,5/22/2023,08:38:00 PM,Formica cinerea,B,4,6,21.987,33.584
35,2,13F3,Pi05,Krielow1,5/22/2023,08:59:00 PM,Formica cinerea,B,8,4,21.557,34.24
36,2,7D0C,Pi05,Krielow1,5/22/2023,09:20:00 PM,Formica cinerea,B,2,8,21.079,35.877
37,2,CFDF,Pi05,Krielow1,5/22/2023,09:41:00 PM,Formica cinerea,B,5,2,20.507,37.59
38,2,7C1D,Pi05,Krielow1,5/22/2023,10:02:00 PM,Formica cinerea,B,6,5,20.055,39.431
39,2,4A85,Pi05,Krielow1,5/22/2023,10:23:00 PM,Formica cinerea,B,5,6,19.722,41.174
40,2,3B03,Pi05,Krielow1,5/22/2023,10:44:00 PM,Formica cinerea,B,2,5,19.555,42.185
41,2,6CFC,Pi05,Krielow1,5/22/2023,11:05:00 PM,Formica cinerea,B,1,2,19.175,43.775
42,2,8B64,Pi05,Krielow1,5/22/2023,11:26:00 PM,Formica cinerea,B,1,1,18.818,44.753
43,2,9A88,Pi05,Krielow1,5/22/2023,11:47:00 PM,Formica cinerea,B,0,1,18.747,44.808
44,2,0,Pi05,Krielow1,5/23/2023,12:08:00 AM,Formica cinerea,B,0,0,17.891,48.113
45,2,EC17,Pi05,Krielow1,5/23/2023,12:29:00 AM,Formica cinerea,B,0,0,17.629,48.612
46,2,C2B6,Pi05,Krielow1,5/23/2023,12:50:00 AM,Formica cinerea,B,0,0,17.701,48.057
47,2,E395,Pi05,Krielow1,5/23/2023,01:11:00 AM,Formica cinerea,B,0,0,17.344,50.041
48,2,1BB6,Pi05,Krielow1,5/23/2023,01:32:00 AM,Formica cinerea,B,0,0,16.844,52.914
49,2,C3CE,Pi05,Krielow1,5/23/2023,01:53:00 AM,Formica cinerea,B,0,0,17.011,52.228
50,2,1100,Pi05,Krielow1,5/23/2023,02:14:00 AM,Formica cinerea,B,0,0,15.796,58.843
51,2,F3E9,Pi05,Krielow1,5/23/2023,02:35:00 AM,Formica cinerea,B,1,0,15.461,58.85
52,2,EF7F,Pi05,Krielow1,5/23/2023,02:56:00 AM,Formica cinerea,B,0,1,15.247,60.761
53,2,2371,Pi05,Krielow1,5/23/2023,03:17:00 AM,Formica cinerea,B,0,0,15.366,60.9
54,2,1F61,Pi05,Krielow1,5/23/2023,03:37:00 AM,Formica cinerea,B,0,0,15.342,61.491
55,2,8402,Pi05,Krielow1,5/23/2023,03:59:00 AM,Formica cinerea,B,0,0,15.509,62.44
56,2,161C,Pi05,Krielow1,5/23/2023,04:20:00 AM,Formica cinerea,B,2,0,15.39,63.131
57,2,BF3A,Pi05,Krielow1,5/23/2023,04:41:00 AM,Formica cinerea,B,0,2,15.247,68.694
58,2,E9A9,Pi05,Krielow1,5/23/2023,05:02:00 AM,Formica cinerea,B,0,0,15.127,69.077
59,2,FA3B,Pi05,Krielow1,5/23/2023,05:23:00 AM,Formica cinerea,B,0,0,15.008,74.344
60,2,4F0D,Pi05,Krielow1,5/23/2023,05:44:00 AM,Formica cinerea,B,3,0,14.816,73.796
61,2,61D8,Pi05,Krielow1,5/23/2023,06:05:00 AM,Formica cinerea,B,3,3,14.864,75.303
62,2,73B6,Pi05,Krielow1,5/23/2023,06:26:00 AM,Formica cinerea,B,4,3,14.792,79.256
63,2,BA53,Pi05,Krielow1,5/23/2023,06:47:00 AM,Formica cinerea,B,6,4,14.625,81.152
64,2,5F4B,Pi05,Krielow1,5/23/2023,07:08:00 AM,Formica cinerea,B,5,6,14.721,79.047
65,2,D86E,Pi05,Krielow1,5/23/2023,07:29:00 AM,Formica cinerea,B,4,5,14.912,78.143
66,2,364B,Pi05,Krielow1,5/23/2023,07:50:00 AM,Formica cinerea,B,7,4,15.27,77.101
67,2,6C71,Pi05,Krielow1,5/23/2023,08:11:00 AM,Formica cinerea,B,10,7,16.344,74.385
68,2,6253,Pi05,Krielow1,5/23/2023,08:32:00 AM,Formica cinerea,B,8,10,16.32,76.644
69,2,2D35,Pi05,Krielow1,5/23/2023,08:53:00 AM,Formica cinerea,B,5,8,16.296,75.736
70,2,2341,Pi05,Krielow1,5/23/2023,09:14:00 AM,Formica cinerea,B,5,5,16.558,75.959
71,2,2706,Pi05,Krielow1,5/23/2023,09:35:00 AM,Formica cinerea,B,10,5,16.606,76.618
72,2,4A58,Pi05,Krielow1,5/23/2023,09:56:00 AM,Formica cinerea,B,8,10,17.296,78.422
73,2,474D,Pi05,Krielow1,5/23/2023,10:17:00 AM,Formica cinerea,B,6,8,18.414,74.169
74,2,A328,Pi05,Krielow1,5/23/2023,10:38:00 AM,Formica cinerea,B,12,6,19.222,74.702
75,2,D9AC,Pi05,Krielow1,5/23/2023,10:59:00 AM,Formica cinerea,B,12,12,19.484,74.007
76,2,BCCF,Pi05,Krielow1,5/23/2023,11:20:00 AM,Formica cinerea,B,14,12,19.103,72.837
77,2,ED85,Pi05,Krielow1,5/23/2023,11:41:00 AM,Formica cinerea,B,11,14,17.558,76.702
78,2,75FB,Pi05,Krielow1,5/23/2023,12:02:00 PM,Formica cinerea,B,10,11,17.558,78.562
79,2,F245,Pi05,Krielow1,5/23/2023,12:23:00 PM,Formica cinerea,B,9,10,19.746,69.906
80,2,2COD,Pi05,Krielow1,5/23/2023,12:44:00 PM,Formica cinerea,B,4,9,20.746,67.497
81,2,6A63,Pi05,Krielow1,5/23/2023,01:05:00 PM,Formica cinerea,B,10,4,22.082,60.933
82,2,7C6E,Pi05,Krielow1,5/23/2023,01:26:00 PM,Formica cinerea,B,11,10,19.698,68.724
83,2,4C45,Pi05,Krielow1,5/23/2023,01:47:00 PM,Formica cinerea,B,7,11,19.127,68.796
84,2,FA58,Pi05,Krielow1,5/23/2023,02:08:00 PM,Formica cinerea,B,4,7,17.843,73.339
85,2,142,Pi05,Krielow1,5/23/2023,02:29:00 PM,Formica cinerea,B,5,4,18.533,70.961
86,2,F456,Pi05,Krielow1,5/23/2023,02:50:00 PM,Formica cinerea,B,6,5,17.915,73.009
87,2,C1E4,Pi05,Krielow1,5/23/2023,03:11:00 PM,Formica cinerea,B,13,6,16.82,78.658
88,2,05DB,Pi05,Krielow1,5/23/2023,03:32:00 PM,Formica cinerea,B,4,13,17.13,78.612
89,2,63F1,Pi05,Krielow1,5/23/2023,03:53:00 PM,Formica cinerea,B,6,4,16.415,83.691
90,2,833B,Pi05,Krielow1,5/23/2023,04:14:00 PM,Formica cinerea,B,5,6,15.605,87.165
91,2,DC23,Pi05,Krielow1,5/23/2023,04:35:00 PM,Formica cinerea,B,10,5,14.96,83.688
92,2,B01F,Pi05,Krielow1,5/23/2023,04:56:00 PM,Formica cinerea,B,5,10,14.481,84.555
93,2,B3CA,Pi05,Krielow1,5/23/2023,05:17:00 PM,Formica cinerea,B,6,5,14.745,81.727
94,2,ABFE,Pi05,Krielow1,5/23/2023,05:39:00 PM,Formica cinerea,B,5,6,14.146,85.853
95,2,5FA4,Pi05,Krielow1,5/23/2023,06:00:00 PM,Formica cinerea,B,3,5,13.377,91.024
96,2,BF6E ,Pi05,Krielow1,5/23/2023,06:21:00 PM,Formica cinerea,B,4,3,13.088,93.782
97,2,115A,Pi05,Krielow1,5/23/2023,06:42:00 PM,Formica cinerea,B,4,4,12.727,94.768
98,2,D1D4,Pi05,Krielow1,5/23/2023,07:03:00 PM,Formica cinerea,B,2,4,12.461,94.928
99,2,1DE8,Pi05,Krielow1,5/23/2023,07:24:00 PM,Formica cinerea,B,1,2,12.074,95.795
100,2,E0BA,Pi05,Krielow1,5/23/2023,07:45:00 PM,Formica cinerea,B,4,1,12.05,95.712
101,2,F3AA,Pi05,Krielow1,5/23/2023,08:06:00 PM,Formica cinerea,B,1,4,12.05,95.789
102,2,CD4D,Pi05,Krielow1,5/23/2023,08:27:00 PM,Formica cinerea,B,2,1,12.219,96.317
103,2,D436,Pi05,Krielow1,5/23/2023,08:48:00 PM,Formica cinerea,B,0,2,12.147,95.662
104,2,87D9,Pi05,Krielow1,5/23/2023,09:09:00 PM,Formica cinerea,B,0,0,11.419,93.734
105,2,99AC,Pi05,Krielow1,5/23/2023,09:30:00 PM,Formica cinerea,B,1,0,11.127,92.013
106,2,75B3,Pi05,Krielow1,5/23/2023,09:51:00 PM,Formica cinerea,B,0,1,10.81,92.292
107,2,1076,Pi05,Krielow1,5/23/2023,10:12:00 PM,Formica cinerea,B,0,0,10.247,91.505
108,2,99D4,Pi05,Krielow1,5/23/2023,10:33:00 PM,Formica cinerea,B,0,0,10.1,91.287
109,2,5D9D,Pi05,Krielow1,5/23/2023,10:54:00 PM,Formica cinerea,B,0,0,9.731,89.721
110,2,9A17,Pi05,Krielow1,5/23/2023,11:15:00 PM,Formica cinerea,B,0,0,9.46,90.119
111,2,5773,Pi05,Krielow1,5/23/2023,11:36:00 PM,Formica cinerea,B,0,0,9.312,89.798
112,2,6878,Pi05,Krielow1,5/23/2023,11:57:00 PM,Formica cinerea,B,0,0,9.064,90.819
113,2,2CEF,Pi05,Krielow1,5/24/2023,12:18:00 AM,Formica cinerea,B,1,0,8.916,91.858
114,2,B048,Pi05,Krielow1,5/24/2023,12:39:00 AM,Formica cinerea,B,0,1,9.015,88.583
115,2,745B,Pi05,Krielow1,5/24/2023,01:00:00 AM,Formica cinerea,B,0,0,9.336,88.87
116,2,E991,Pi05,Krielow1,5/24/2023,01:21:00 AM,Formica cinerea,B,0,0,9.509,89.147
117,2,CCB2,Pi05,Krielow1,5/24/2023,01:42:00 AM,Formica cinerea,B,0,0,9.312,87.352
118,2,D0D2,Pi05,Krielow1,5/24/2023,02:03:00 AM,Formica cinerea,B,0,0,9.139,88.743
119,2,9A05,Pi05,Krielow1,5/24/2023,02:24:00 AM,Formica cinerea,B,0,0,8.965,88.986
120,2,E969,Pi05,Krielow1,5/24/2023,02:45:00 AM,Formica cinerea,B,0,0,9.089,88.133
121,2,075E,Pi05,Krielow1,5/24/2023,03:06:00 AM,Formica cinerea,B,0,0,9.213,88.215
122,2,52F8,Pi05,Krielow1,5/24/2023,03:27:00 AM,Formica cinerea,B,0,0,9.287,84.713
123,2,09C3,Pi05,Krielow1,5/24/2023,03:48:00 AM,Formica cinerea,B,1,0,9.262,86.816
124,2,5D34,Pi05,Krielow1,5/24/2023,04:09:00 AM,Formica cinerea,B,0,1,9.163,83.942
125,2,23BA,Pi05,Krielow1,5/24/2023,04:30:00 AM,Formica cinerea,B,0,0,9.114,85.729
126,2,707B,Pi05,Krielow1,5/24/2023,04:51:00 AM,Formica cinerea,B,0,0,9.064,84.873
127,2,0DE0,Pi05,Krielow1,5/24/2023,05:12:00 AM,Formica cinerea,B,0,0,8.99,84.299
128,2,796F,Pi05,Krielow1,5/24/2023,05:33:00 AM,Formica cinerea,B,0,0,8.965,84.028
129,2,54DC,Pi05,Krielow1,5/24/2023,05:54:00 AM,Formica cinerea,B,0,0,8.941,84.473
130,2,4C3E,Pi05,Krielow1,5/24/2023,06:15:00 AM,Formica cinerea,B,0,0,8.941,83.996
131,2,A94F,Pi05,Krielow1,5/24/2023,06:36:00 AM,Formica cinerea,B,0,0,8.965,84.717
132,2,4FCB,Pi05,Krielow1,5/24/2023,06:57:00 AM,Formica cinerea,B,0,0,9.064,85.348
133,2,7134,Pi05,Krielow1,5/24/2023,07:18:00 AM,Formica cinerea,B,0,0,9.262,85.606
134,2,B4D5,Pi05,Krielow1,5/24/2023,07:39:00 AM,Formica cinerea,B,0,0,9.682,84.673
135,2,CC95,Pi05,Krielow1,5/24/2023,08:00:00 AM,Formica cinerea,B,1,0,9.952,86.377
136,2,629D,Pi05,Krielow1,5/24/2023,08:21:00 AM,Formica cinerea,B,1,1,10.198,82.147
137,2,C4EE,Pi05,Krielow1,5/24/2023,08:42:00 AM,Formica cinerea,B,2,1,10.418,82.547
138,2,E645,Pi05,Krielow1,5/24/2023,09:03:00 AM,Formica cinerea,B,6,2,10.907,80.631
139,2,C6FB,Pi05,Krielow1,5/24/2023,09:24:00 AM,Formica cinerea,B,9,6,11.686,78.836
140,2,62B0,Pi05,Krielow1,5/24/2023,09:45:00 AM,Formica cinerea,B,7,9,12.098,81.384
141,2,D178,Pi05,Krielow1,5/24/2023,10:06:00 AM,Formica cinerea,B,8,7,12.944,80.261
142,2,197,Pi05,Krielow1,5/24/2023,10:27:00 AM,Formica cinerea,B,10,8,13.594,72.534
143,3,12F3,Pi05,Krielow1,5/24/2023,11:12:00 AM,Formica cinerea,C,0,NA,13.546,74.557
144,3,5323,Pi05,Krielow1,5/24/2023,11:33:00 AM,Formica cinerea,C,0,0,12.799,80.394
145,3,057C,Pi05,Krielow1,5/24/2023,11:54:00 AM,Formica cinerea,C,0,0,12.775,81.59
146,3,2FFA,Pi05,Krielow1,5/24/2023,12:15:00 PM,Formica cinerea,C,0,0,12.534,77.307
147,3,B559,Pi05,Krielow1,5/24/2023,12:36:00 PM,Formica cinerea,C,0,0,13.209,78.916
148,3,5CE6,Pi05,Krielow1,5/24/2023,12:57:00 PM,Formica cinerea,C,0,0,13.858,76.89
149,3,7900000000,Pi05,Krielow1,5/24/2023,01:18:00 PM,Formica cinerea,C,1,0,13.93,71.348
150,3,171D,Pi05,Krielow1,5/24/2023,01:39:00 PM,Formica cinerea,C,0,1,14.17,76.955
151,3,A240,Pi05,Krielow1,5/24/2023,02:00:00 PM,Formica cinerea,C,0,0,14.697,70.12
152,3,3A82,Pi05,Krielow1,5/24/2023,02:21:00 PM,Formica cinerea,C,1,0,14.792,67.422
153,3,BBA3,Pi05,Krielow1,5/24/2023,02:42:00 PM,Formica cinerea,C,0,1,15.008,73.181
154,3,CF16,Pi05,Krielow1,5/24/2023,03:03:00 PM,Formica cinerea,C,0,0,15.366,73.28
155,3,77C4,Pi05,Krielow1,5/24/2023,03:24:00 PM,Formica cinerea,C,3,0,15.485,75.26
156,3,756F,Pi05,Krielow1,5/24/2023,03:45:00 PM,Formica cinerea,C,2,3,14.194,75.476
157,3,CCDE,Pi05,Krielow1,5/24/2023,04:06:00 PM,Formica cinerea,C,1,2,13.834,70.873
158,3,67F8,Pi05,Krielow1,5/24/2023,04:27:00 PM,Formica cinerea,C,2,1,14.864,68.855
159,3,739D,Pi05,Krielow1,5/24/2023,04:48:00 PM,Formica cinerea,C,3,2,15.27,66.693
160,3,700,Pi05,Krielow1,5/24/2023,05:09:00 PM,Formica cinerea,C,4,3,15.27,67.945
161,3,B891,Pi05,Krielow1,5/24/2023,05:30:00 PM,Formica cinerea,C,1,4,15.652,67.956
162,3,B07E,Pi05,Krielow1,5/24/2023,05:51:00 PM,Formica cinerea,C,1,1,15.318,68.069
163,3,2324,Pi05,Krielow1,5/24/2023,06:12:00 PM,Formica cinerea,C,3,1,15.27,66.284
164,3,139D,Pi05,Krielow1,5/24/2023,06:33:00 PM,Formica cinerea,C,1,3,15.199,69.869
165,3,FBF5,Pi05,Krielow1,5/24/2023,06:54:00 PM,Formica cinerea,C,1,1,15.366,66.36
166,3,EE47,Pi05,Krielow1,5/24/2023,07:15:00 PM,Formica cinerea,C,3,1,14.266,67.877
167,3,E232,Pi05,Krielow1,5/24/2023,07:36:00 PM,Formica cinerea,C,3,3,14.266,69.895
168,3,6E9D,Pi05,Krielow1,5/24/2023,07:57:00 PM,Formica cinerea,C,1,3,13.882,70.596
169,3,8A56,Pi05,Krielow1,5/24/2023,08:18:00 PM,Formica cinerea,C,2,1,13.137,72.642
170,3,4C46,Pi05,Krielow1,5/24/2023,08:39:00 PM,Formica cinerea,C,1,2,12.558,73.318
171,3,4D93,Pi05,Krielow1,5/24/2023,09:00:00 PM,Formica cinerea,C,1,1,11.904,75.538
172,3,8B3A,Pi05,Krielow1,5/24/2023,09:21:00 PM,Formica cinerea,C,1,1,11.516,76.761
173,3,6CBB,Pi05,Krielow1,5/24/2023,09:42:00 PM,Formica cinerea,C,0,1,10.736,80.05
174,3,02F8,Pi05,Krielow1,5/24/2023,10:03:00 PM,Formica cinerea,C,0,0,10.59,80.317
175,3,9DE8,Pi05,Krielow1,5/24/2023,10:24:00 PM,Formica cinerea,C,0,0,10.467,80.778
176,3,0A80,Pi05,Krielow1,5/24/2023,10:45:00 PM,Formica cinerea,C,0,0,10.001,83.042
177,3,6191,Pi05,Krielow1,5/24/2023,11:06:00 PM,Formica cinerea,C,0,0,9.632,84.555
178,3,E26A,Pi05,Krielow1,5/24/2023,11:27:00 PM,Formica cinerea,C,1,0,9.089,86.643
179,3,4EF8,Pi05,Krielow1,5/24/2023,11:48:00 PM,Formica cinerea,C,1,1,8.841,87.551
180,3,6D6B,Pi05,Krielow1,5/25/2023,12:09:00 AM,Formica cinerea,C,1,1,8.668,88.497
181,3,B7ED,Pi05,Krielow1,5/25/2023,12:30:00 AM,Formica cinerea,C,0,1,8.519,89.857
182,3,6156,Pi05,Krielow1,5/25/2023,12:51:00 AM,Formica cinerea,C,0,0,8.394,90.34
183,3,CC6E,Pi05,Krielow1,5/25/2023,01:12:00 AM,Formica cinerea,C,0,0,8.319,91.142
184,3,1FB4,Pi05,Krielow1,5/25/2023,01:33:00 AM,Formica cinerea,C,0,0,8.22,91.321
185,3,1CC1,Pi05,Krielow1,5/25/2023,01:54:00 AM,Formica cinerea,C,0,0,8.045,91.889
186,3,5A1D,Pi05,Krielow1,5/25/2023,02:15:00 AM,Formica cinerea,C,0,0,7.895,92.587
187,3,1EC5,Pi05,Krielow1,5/25/2023,02:36:00 AM,Formica cinerea,C,1,0,7.77,92.732
188,3,CFD8,Pi05,Krielow1,5/25/2023,02:57:00 AM,Formica cinerea,C,0,1,7.645,93.407
189,3,313F,Pi05,Krielow1,5/25/2023,03:18:00 AM,Formica cinerea,C,0,0,7.519,93.525
190,3,3F0F,Pi05,Krielow1,5/25/2023,03:39:00 AM,Formica cinerea,C,0,0,7.444,93.657
191,3,B422,Pi05,Krielow1,5/25/2023,04:00:00 AM,Formica cinerea,C,0,0,7.217,94.5
192,3,3811,Pi05,Krielow1,5/25/2023,04:21:00 AM,Formica cinerea,C,0,0,7.217,94.701
193,3,2500000,Pi05,Krielow1,5/25/2023,04:42:00 AM,Formica cinerea,C,0,0,7.015,95.096
194,3,76A4,Pi05,Krielow1,5/25/2023,05:03:00 AM,Formica cinerea,C,0,0,7.015,95.296
195,3,EBC1,Pi05,Krielow1,5/25/2023,05:24:00 AM,Formica cinerea,C,0,0,6.965,95.382
196,3,A76C,Pi05,Krielow1,5/25/2023,05:45:00 AM,Formica cinerea,C,0,0,7.293,95.719
197,3,B696,Pi05,Krielow1,5/25/2023,06:06:00 AM,Formica cinerea,C,0,0,7.995,95.66
198,3,32D1,Pi05,Krielow1,5/25/2023,06:28:00 AM,Formica cinerea,C,0,0,9.706,92.112
199,3,4F38,Pi05,Krielow1,5/25/2023,06:49:00 AM,Formica cinerea,C,0,0,11.078,89.823
200,3,FE52,Pi05,Krielow1,5/25/2023,07:10:00 AM,Formica cinerea,C,0,0,12.437,86.359
201,3,CDB8,Pi05,Krielow1,5/25/2023,07:31:00 AM,Formica cinerea,C,0,0,13.69,83.019
202,3,3F04,Pi05,Krielow1,5/25/2023,07:52:00 AM,Formica cinerea,C,1,0,14.361,79.855
203,3,DFA3,Pi05,Krielow1,5/25/2023,08:13:00 AM,Formica cinerea,C,2,1,13.858,82.703
204,3,952D,Pi05,Krielow1,5/25/2023,08:34:00 AM,Formica cinerea,C,0,2,15.151,79.777
205,3,1C90,Pi05,Krielow1,5/25/2023,08:55:00 AM,Formica cinerea,C,1,0,15.986,76.631
206,3,8669,Pi05,Krielow1,5/25/2023,09:16:00 AM,Formica cinerea,C,0,1,15.055,77.587
207,3,BE6F,Pi05,Krielow1,5/25/2023,09:37:00 AM,Formica cinerea,C,2,0,15.079,78.289
208,3,D0AD,Pi05,Krielow1,5/25/2023,09:58:00 AM,Formica cinerea,C,0,2,15.199,77.282
209,3,ECDC,Pi05,Krielow1,5/25/2023,10:19:00 AM,Formica cinerea,C,2,0,15.652,77.152
210,3,F719,Pi05,Krielow1,5/25/2023,10:40:00 AM,Formica cinerea,C,1,2,16.654,72.39
211,3,80B8,Pi05,Krielow1,5/25/2023,11:01:00 AM,Formica cinerea,C,6,1,17.344,69.954
212,3,94CF,Pi05,Krielow1,5/25/2023,11:22:00 AM,Formica cinerea,C,7,6,17.32,69.659
213,3,5D4D,Pi05,Krielow1,5/25/2023,11:43:00 AM,Formica cinerea,C,1,7,16.129,73.06
214,3,FB3C,Pi05,Krielow1,5/25/2023,12:04:00 PM,Formica cinerea,C,6,1,16.201,71.182
215,3,BC10,Pi05,Krielow1,5/25/2023,12:25:00 PM,Formica cinerea,C,3,6,16.511,72.563
216,3,89C5,Pi05,Krielow1,5/25/2023,12:46:00 PM,Formica cinerea,C,5,3,17.391,65.514
217,3,C67C,Pi05,Krielow1,5/25/2023,01:07:00 PM,Formica cinerea,C,7,5,17.463,70.353
218,3,C291,Pi05,Krielow1,5/25/2023,01:28:00 PM,Formica cinerea,C,9,7,17.415,69.909
219,3,461F,Pi05,Krielow1,5/25/2023,01:49:00 PM,Formica cinerea,C,6,9,17.867,64.62
220,3,AEE1,Pi05,Krielow1,5/25/2023,02:10:00 PM,Formica cinerea,C,9,6,18.271,65.963
221,3,C5C7,Pi05,Krielow1,5/25/2023,02:31:00 PM,Formica cinerea,C,7,9,18.913,64.443
222,3,374B,Pi05,Krielow1,5/25/2023,02:52:00 PM,Formica cinerea,C,10,7,19.127,60.58
223,3,1E+082,Pi05,Krielow1,5/25/2023,03:13:00 PM,Formica cinerea,C,11,10,18.699,64.347
224,3,7ED9,Pi05,Krielow1,5/25/2023,03:34:00 PM,Formica cinerea,C,10,11,18.628,61.944
225,3,762F,Pi05,Krielow1,5/25/2023,03:55:00 PM,Formica cinerea,C,10,10,18.295,61.649
226,3,07FA,Pi05,Krielow1,5/25/2023,04:16:00 PM,Formica cinerea,C,14,10,18.604,58.194
227,3,463C,Pi05,Krielow1,5/25/2023,04:37:00 PM,Formica cinerea,C,12,14,19.294,58.27
228,3,F2E8,Pi05,Krielow1,5/25/2023,04:58:00 PM,Formica cinerea,C,7,12,18.461,59.929
229,3,5FC2,Pi05,Krielow1,5/25/2023,05:19:00 PM,Formica cinerea,C,5,7,19.032,53.905
230,3,2B09,Pi05,Krielow1,5/25/2023,05:40:00 PM,Formica cinerea,C,8,5,19.46,55.447
231,3,E551,Pi05,Krielow1,5/25/2023,06:01:00 PM,Formica cinerea,C,6,8,18.771,56.143
232,3,09CE,Pi05,Krielow1,5/25/2023,06:22:00 PM,Formica cinerea,C,10,6,19.389,54.296
233,3,7BCC,Pi05,Krielow1,5/25/2023,06:43:00 PM,Formica cinerea,C,0,10,19.151,53.303
234,3,3A60,Pi05,Krielow1,5/25/2023,07:04:00 PM,Formica cinerea,C,0,0,18.271,59.203
235,3,9A94,Pi05,Krielow1,5/25/2023,07:25:00 PM,Formica cinerea,C,0,0,18.604,56.149
236,3,EAC0,Pi05,Krielow1,5/25/2023,07:46:00 PM,Formica cinerea,C,0,0,18.58,59.161
237,3,3AB8,Pi05,Krielow1,5/25/2023,08:07:00 PM,Formica cinerea,C,0,0,17.938,58.667
238,3,09C7,Pi05,Krielow1,5/25/2023,08:28:00 PM,Formica cinerea,C,0,0,16.487,62.871
239,3,28A5,Pi05,Krielow1,5/25/2023,08:49:00 PM,Formica cinerea,C,0,0,15.843,66.064
240,3,4C1D,Pi05,Krielow1,5/25/2023,09:10:00 PM,Formica cinerea,C,1,0,15.247,67.097
241,3,2F48,Pi05,Krielow1,5/25/2023,09:31:00 PM,Formica cinerea,C,2,1,14.601,69.383
242,3,B02F,Pi05,Krielow1,5/25/2023,09:52:00 PM,Formica cinerea,C,1,2,14.314,70.076
243,3,810000,Pi05,Krielow1,5/25/2023,10:13:00 PM,Formica cinerea,C,0,1,13.642,72.004
244,3,776C,Pi05,Krielow1,5/25/2023,10:34:00 PM,Formica cinerea,C,1,0,13.233,73.114
245,3,96,Pi05,Krielow1,5/25/2023,10:55:00 PM,Formica cinerea,C,0,1,13.137,72.614
246,3,BC97,Pi05,Krielow1,5/25/2023,11:16:00 PM,Formica cinerea,C,1,0,12.823,70.451
247,3,02A9,Pi05,Krielow1,5/25/2023,11:37:00 PM,Formica cinerea,C,2,1,12.582,71.003
248,3,2457,Pi05,Krielow1,5/25/2023,11:58:00 PM,Formica cinerea,C,0,2,11.613,73.999
249,3,54C6,Pi05,Krielow1,5/26/2023,12:19:00 AM,Formica cinerea,C,0,0,11.2,74.864
250,3,4B3E,Pi05,Krielow1,5/26/2023,12:40:00 AM,Formica cinerea,C,0,0,11.078,74.338
251,3,D95D,Pi05,Krielow1,5/26/2023,01:01:00 AM,Formica cinerea,C,0,0,10.834,74.483
252,3,91A8,Pi05,Krielow1,5/26/2023,01:22:00 AM,Formica cinerea,C,0,0,10.785,76.636
253,3,D2A9,Pi05,Krielow1,5/26/2023,01:43:00 AM,Formica cinerea,C,0,0,10.369,76.135
254,3,A6A7,Pi05,Krielow1,5/26/2023,02:04:00 AM,Formica cinerea,C,0,0,10.198,76.816
255,3,8FD0,Pi05,Krielow1,5/26/2023,02:25:00 AM,Formica cinerea,C,0,0,9.977,78.904
256,3,672B,Pi05,Krielow1,5/26/2023,02:46:00 AM,Formica cinerea,C,0,0,9.608,80.884
257,3,E965,Pi05,Krielow1,5/26/2023,03:07:00 AM,Formica cinerea,C,0,0,9.188,81.49
258,3,0B5B,Pi05,Krielow1,5/26/2023,03:28:00 AM,Formica cinerea,C,0,0,8.319,83.798
259,3,F022,Pi05,Krielow1,5/26/2023,03:49:00 AM,Formica cinerea,C,0,0,7.82,85.998
260,3,B79A,Pi05,Krielow1,5/26/2023,04:10:00 AM,Formica cinerea,C,1,0,7.519,87.385
261,3,663E,Pi05,Krielow1,5/26/2023,04:31:00 AM,Formica cinerea,C,0,1,7.594,86.987
262,3,9AC6,Pi05,Krielow1,5/26/2023,04:52:00 AM,Formica cinerea,C,0,0,7.82,88.288
263,3,7CFB,Pi05,Krielow1,5/26/2023,05:13:00 AM,Formica cinerea,C,0,0,7.469,87.71
264,3,141D,Pi05,Krielow1,5/26/2023,05:34:00 AM,Formica cinerea,C,0,0,7.318,88.681
265,3,9B3D,Pi05,Krielow1,5/26/2023,05:55:00 AM,Formica cinerea,C,0,0,7.494,88.673
266,3,7863,Pi05,Krielow1,5/26/2023,06:16:00 AM,Formica cinerea,C,0,0,8.792,86.964
267,3,3C43,Pi05,Krielow1,5/26/2023,06:37:00 AM,Formica cinerea,C,0,0,9.657,84.375
268,3,9ECF,Pi05,Krielow1,5/26/2023,06:58:00 AM,Formica cinerea,C,0,0,12.63,75.212
269,3,E030,Pi05,Krielow1,5/26/2023,07:19:00 AM,Formica cinerea,C,0,0,13.04,74.792
270,3,70C1,Pi05,Krielow1,5/26/2023,07:40:00 AM,Formica cinerea,C,0,0,13.04,74.876
271,3,15F4,Pi05,Krielow1,5/26/2023,08:01:00 AM,Formica cinerea,C,0,0,13.257,75.257
272,3,B019,Pi05,Krielow1,5/26/2023,08:22:00 AM,Formica cinerea,C,0,0,13.69,74.587
273,3,D447,Pi05,Krielow1,5/26/2023,08:43:00 AM,Formica cinerea,C,0,0,15.724,67.94
274,3,D562,Pi05,Krielow1,5/26/2023,09:04:00 AM,Formica cinerea,C,1,0,15.891,67.942
275,3,6A67,Pi05,Krielow1,5/26/2023,09:25:00 AM,Formica cinerea,C,0,1,16.153,66.968
276,3,CC44,Pi05,Krielow1,5/26/2023,09:46:00 AM,Formica cinerea,C,0,0,18.033,58.772
277,3,681,Pi05,Krielow1,5/26/2023,10:08:00 AM,Formica cinerea,C,1,0,17.605,57.128
278,3,BA77,Pi05,Krielow1,5/26/2023,10:29:00 AM,Formica cinerea,C,0,1,18.366,55.746
279,3,ED6D,Pi05,Krielow1,5/26/2023,10:50:00 AM,Formica cinerea,C,0,0,18.2,56.455
280,3,BF8E,Pi05,Krielow1,5/26/2023,11:11:00 AM,Formica cinerea,C,0,0,,
281,4,5DCE,Pi04,Krielow2,5/31/2023,01:17:00 PM,Formica cinerea,A,2,NA,25.841,27.175
282,4,8B74,Pi04,Krielow2,5/31/2023,01:38:00 PM,Formica cinerea,A,0,2,25.768,27.306
283,4,DBEB,Pi04,Krielow2,5/31/2023,01:59:00 PM,Formica cinerea,A,0,0,27.235,25.323
284,4,1BDB,Pi04,Krielow2,5/31/2023,02:20:00 PM,Formica cinerea,A,1,0,28.568,23.93
285,4,EF02,Pi04,Krielow2,5/31/2023,02:41:00 PM,Formica cinerea,A,0,1,28.866,23.811
286,4,BCB6,Pi04,Krielow2,5/31/2023,03:02:00 PM,Formica cinerea,A,0,0,30.9,22.201
287,4,7588,Pi04,Krielow2,5/31/2023,03:23:00 PM,Formica cinerea,A,0,0,33.105,18.662
288,4,7B62,Pi04,Krielow2,5/31/2023,03:44:00 PM,Formica cinerea,A,0,0,32.898,17.904
289,4,ED02,Pi04,Krielow2,5/31/2023,04:05:00 PM,Formica cinerea,A,0,0,33.495,17.473
290,4,732A,Pi04,Krielow2,5/31/2023,04:26:00 PM,Formica cinerea,A,0,0,34.969,16.762
291,4,B457,Pi04,Krielow2,5/31/2023,04:47:00 PM,Formica cinerea,A,1,0,35.823,15.401
292,4,573,Pi04,Krielow2,5/31/2023,05:08:00 PM,Formica cinerea,A,1,1,35.931,15.226
293,4,BA1C,Pi04,Krielow2,5/31/2023,05:29:00 PM,Formica cinerea,A,0,1,35.049,15.688
294,4,95A8,Pi04,Krielow2,5/31/2023,05:50:00 PM,Formica cinerea,A,0,0,35.262,16.417
295,4,FD9D,Pi04,Krielow2,5/31/2023,06:11:00 PM,Formica cinerea,A,3,0,33.209,14.954
296,4,D878,Pi04,Krielow2,5/31/2023,06:32:00 PM,Formica cinerea,A,2,3,31.791,15.53
297,4,0D9F,Pi04,Krielow2,5/31/2023,06:53:00 PM,Formica cinerea,A,2,2,30.192,17.724
298,4,680B,Pi04,Krielow2,5/31/2023,07:14:00 PM,Formica cinerea,A,5,2,30.041,18.705
299,4,80D8,Pi04,Krielow2,5/31/2023,07:35:00 PM,Formica cinerea,A,2,5,27.112,22.377
300,4,907F,Pi04,Krielow2,5/31/2023,07:56:00 PM,Formica cinerea,A,1,2,24.992,25.129
301,4,6D76,Pi04,Krielow2,5/31/2023,08:17:00 PM,Formica cinerea,A,0,1,23.905,26.347
302,4,D554,Pi04,Krielow2,5/31/2023,08:38:00 PM,Formica cinerea,A,0,0,21.413,30.067
303,4,155F,Pi04,Krielow2,5/31/2023,08:59:00 PM,Formica cinerea,A,1,0,20.341,30.811
304,4,0F20,Pi04,Krielow2,5/31/2023,09:20:00 PM,Formica cinerea,A,1,1,19.436,35.978
305,4,7C6A,Pi04,Krielow2,5/31/2023,09:41:00 PM,Formica cinerea,A,0,1,17.843,38.808
306,4,2C31,Pi04,Krielow2,5/31/2023,10:02:00 PM,Formica cinerea,A,0,0,17.653,40.944
307,4,B41A,Pi04,Krielow2,5/31/2023,10:23:00 PM,Formica cinerea,A,0,0,17.415,40.886
308,4,EA26,Pi04,Krielow2,5/31/2023,10:44:00 PM,Formica cinerea,A,0,0,17.177,41.468
309,4,2BC3,Pi04,Krielow2,5/31/2023,11:05:00 PM,Formica cinerea,A,0,0,16.749,42.409
310,4,FD15,Pi04,Krielow2,5/31/2023,11:26:00 PM,Formica cinerea,A,0,0,15.652,47.387
311,4,2249,Pi04,Krielow2,5/31/2023,11:47:00 PM,Formica cinerea,A,0,0,15.581,48.874
312,4,C483,Pi04,Krielow2,6/1/2023,12:08:00 AM,Formica cinerea,A,0,0,16.368,52.662
313,4,3F30,Pi04,Krielow2,6/1/2023,12:29:00 AM,Formica cinerea,A,0,0,16.439,56.008
314,4,1163,Pi04,Krielow2,6/1/2023,12:50:00 AM,Formica cinerea,A,0,0,16.034,58.308
315,4,A168,Pi04,Krielow2,6/1/2023,01:11:00 AM,Formica cinerea,A,0,0,15.223,64.253
316,4,8FE1,Pi04,Krielow2,6/1/2023,01:32:00 AM,Formica cinerea,A,0,0,14.768,66.341
317,4,A615,Pi04,Krielow2,6/1/2023,01:53:00 AM,Formica cinerea,A,0,0,14.17,68.812
318,4,377B,Pi04,Krielow2,6/1/2023,02:14:00 AM,Formica cinerea,A,0,0,13.714,70.85
319,4,E365,Pi04,Krielow2,6/1/2023,02:35:00 AM,Formica cinerea,A,0,0,13.425,73.773
320,4,E277,Pi04,Krielow2,6/1/2023,02:56:00 AM,Formica cinerea,A,0,0,12.775,74.598
321,4,0FE4,Pi04,Krielow2,6/1/2023,03:17:00 AM,Formica cinerea,A,0,0,12.485,77.878
322,4,D28D,Pi04,Krielow2,6/1/2023,03:38:00 AM,Formica cinerea,A,0,0,11.88,82.203
323,4,6C7A,Pi04,Krielow2,6/1/2023,03:59:00 AM,Formica cinerea,A,0,0,11.613,82.764
324,4,65B8,Pi04,Krielow2,6/1/2023,04:20:00 AM,Formica cinerea,A,0,0,11.248,86.183
325,4,5483,Pi04,Krielow2,6/1/2023,04:41:00 AM,Formica cinerea,A,0,0,10.443,88.883
326,4,7CD9,Pi04,Krielow2,6/1/2023,05:02:00 AM,Formica cinerea,A,0,0,10.271,90.349
327,4,79FA,Pi04,Krielow2,6/1/2023,05:23:00 AM,Formica cinerea,A,0,0,10.98,89.746
328,4,BBE0,Pi04,Krielow2,6/1/2023,05:44:00 AM,Formica cinerea,A,0,0,11.419,87.968
329,4,9CC6,Pi04,Krielow2,6/1/2023,06:05:00 AM,Formica cinerea,A,0,0,11.662,86.6
330,4,3397,Pi04,Krielow2,6/1/2023,06:26:00 AM,Formica cinerea,A,0,0,11.88,84.947
331,4,D9AF,Pi04,Krielow2,6/1/2023,06:47:00 AM,Formica cinerea,A,0,0,11.807,84.127
332,4,059E,Pi04,Krielow2,6/1/2023,07:08:00 AM,Formica cinerea,A,1,0,11.904,80.525
333,4,6ADA,Pi04,Krielow2,6/1/2023,07:29:00 AM,Formica cinerea,A,0,1,12.147,79.155
334,4,7823,Pi04,Krielow2,6/1/2023,07:50:00 AM,Formica cinerea,A,0,0,12.485,76.992
335,4,B916,Pi04,Krielow2,6/1/2023,08:11:00 AM,Formica cinerea,A,1,0,12.823,72.807
336,4,1C47,Pi04,Krielow2,6/1/2023,08:32:00 AM,Formica cinerea,A,0,1,12.92,72.402
337,4,1D49,Pi04,Krielow2,6/1/2023,08:53:00 AM,Formica cinerea,A,0,0,13.834,70.387
338,4,A762,Pi04,Krielow2,6/1/2023,09:14:00 AM,Formica cinerea,A,1,0,14.792,65.878
339,4,5CAB,Pi04,Krielow2,6/1/2023,09:35:00 AM,Formica cinerea,A,1,1,15.629,61.658
340,4,21F8,Pi04,Krielow2,6/1/2023,09:56:00 AM,Formica cinerea,A,0,1,16.892,56.928
341,4,CE3C,Pi04,Krielow2,6/1/2023,10:17:00 AM,Formica cinerea,A,2,0,16.296,58.711
342,4,FF56,Pi04,Krielow2,6/1/2023,10:38:00 AM,Formica cinerea,A,1,2,17.034,57.374
343,4,8E+037,Pi04,Krielow2,6/1/2023,10:59:00 AM,Formica cinerea,A,2,1,17.13,56.933
344,4,9AE5,Pi04,Krielow2,6/1/2023,11:20:00 AM,Formica cinerea,A,3,2,18.414,53.476
345,4,E0C8,Pi04,Krielow2,6/1/2023,11:41:00 AM,Formica cinerea,A,0,3,22.417,40.531
346,4,0D23,Pi04,Krielow2,6/1/2023,12:02:00 PM,Formica cinerea,A,1,0,20.555,45.887
347,4,1AF0,Pi04,Krielow2,6/1/2023,12:23:00 PM,Formica cinerea,A,0,1,25.089,34.904
348,4,992F,Pi04,Krielow2,6/1/2023,12:44:00 PM,Formica cinerea,A,0,0,22.178,42.774
349,4,5429,Pi04,Krielow2,6/1/2023,01:05:00 PM,Formica cinerea,A,0,0,21.891,41.123
350,4,F477,Pi04,Krielow2,6/1/2023,01:26:00 PM,Formica cinerea,A,2,0,22.13,41.539
351,4,40CB,Pi04,Krielow2,6/1/2023,01:47:00 PM,Formica cinerea,A,0,2,22.202,40.767
352,4,CF2F,Pi04,Krielow2,6/1/2023,02:08:00 PM,Formica cinerea,A,2,0,25.089,36.335
353,4,D3D4,Pi04,Krielow2,6/1/2023,02:30:00 PM,Formica cinerea,A,0,2,26.158,32.422
354,4,20B1,Pi04,Krielow2,6/1/2023,02:51:00 PM,Formica cinerea,A,3,0,26.182,31.649
355,4,EFB3,Pi04,Krielow2,6/1/2023,03:12:00 PM,Formica cinerea,A,1,3,30.849,26.101
356,4,4242,Pi04,Krielow2,6/1/2023,03:33:00 PM,Formica cinerea,A,1,1,31.382,24.191
357,4,626C,Pi04,Krielow2,6/1/2023,03:54:00 PM,Formica cinerea,A,0,1,31.816,25.476
358,4,344F,Pi04,Krielow2,6/1/2023,04:15:00 PM,Formica cinerea,A,0,0,31.893,24.715
359,4,6BC7,Pi04,Krielow2,6/1/2023,04:36:00 PM,Formica cinerea,A,0,0,31.842,24.641
360,4,A6E2,Pi04,Krielow2,6/1/2023,04:57:00 PM,Formica cinerea,A,0,0,31.944,23.81
361,4,07AB,Pi04,Krielow2,6/1/2023,05:18:00 PM,Formica cinerea,A,4,0,31.612,23.787
362,4,C676,Pi04,Krielow2,6/1/2023,05:39:00 PM,Formica cinerea,A,2,4,31.791,25.683
363,4,634F,Pi04,Krielow2,6/1/2023,06:00:00 PM,Formica cinerea,A,4,2,30.117,27.637
364,4,8544,Pi04,Krielow2,6/1/2023,06:21:00 PM,Formica cinerea,A,2,4,29.665,29.217
365,4,53D9,Pi04,Krielow2,6/1/2023,06:42:00 PM,Formica cinerea,A,3,2,28.171,30.802
366,4,CE26,Pi04,Krielow2,6/1/2023,07:03:00 PM,Formica cinerea,A,3,3,27.259,31.911
367,4,CD3A,Pi04,Krielow2,6/1/2023,07:24:00 PM,Formica cinerea,A,1,3,22.896,36.714
368,4,6D68,Pi04,Krielow2,6/1/2023,07:45:00 PM,Formica cinerea,A,1,1,21.533,39.328
369,4,3AF4,Pi04,Krielow2,6/1/2023,08:06:00 PM,Formica cinerea,A,0,1,20.936,40.856
370,4,F42C,Pi04,Krielow2,6/1/2023,08:27:00 PM,Formica cinerea,A,2,0,18.39,46.286
371,4,7684,Pi04,Krielow2,6/1/2023,08:48:00 PM,Formica cinerea,A,0,2,17.486,48.311
372,4,FF84,Pi04,Krielow2,6/1/2023,09:09:00 PM,Formica cinerea,A,0,0,16.058,52.403
373,4,1533,Pi04,Krielow2,6/1/2023,09:30:00 PM,Formica cinerea,A,0,0,15.557,56.209
374,4,9DE5,Pi04,Krielow2,6/1/2023,09:51:00 PM,Formica cinerea,A,0,0,15.079,57.557
375,4,7246,Pi04,Krielow2,6/1/2023,10:12:00 PM,Formica cinerea,A,0,0,14.098,63.118
376,4,D559,Pi04,Krielow2,6/1/2023,10:33:00 PM,Formica cinerea,A,0,0,13.642,64.097
377,4,CD13,Pi04,Krielow2,6/1/2023,10:54:00 PM,Formica cinerea,A,0,0,12.944,67.231
378,4,671,Pi04,Krielow2,6/1/2023,11:15:00 PM,Formica cinerea,A,0,0,12.558,69.687
379,4,FFC6,Pi04,Krielow2,6/1/2023,11:36:00 PM,Formica cinerea,A,0,0,12.025,70.924
380,4,D56E,Pi04,Krielow2,6/1/2023,11:57:00 PM,Formica cinerea,A,0,0,11.37,74.313
381,4,A421,Pi04,Krielow2,6/2/2023,12:18:00 AM,Formica cinerea,A,0,0,10.834,76.425
382,4,E158,Pi04,Krielow2,6/2/2023,12:39:00 AM,Formica cinerea,A,0,0,10.271,78.586
383,4,C0AF,Pi04,Krielow2,6/2/2023,01:00:00 AM,Formica cinerea,A,0,0,10.124,79.372
384,4,A7D7,Pi04,Krielow2,6/2/2023,01:21:00 AM,Formica cinerea,A,0,0,9.879,80.295
385,4,D202,Pi04,Krielow2,6/2/2023,01:42:00 AM,Formica cinerea,A,0,0,9.46,81.12
386,4,B54A,Pi04,Krielow2,6/2/2023,02:03:00 AM,Formica cinerea,A,0,0,9.089,82.272
387,4,D13D,Pi04,Krielow2,6/2/2023,02:24:00 AM,Formica cinerea,A,0,0,9.015,83.508
388,4,DC94,Pi04,Krielow2,6/2/2023,02:45:00 AM,Formica cinerea,A,0,0,9.608,82.014
389,4,0D08,Pi04,Krielow2,6/2/2023,03:06:00 AM,Formica cinerea,A,0,0,9.435,81.33
390,4,76C8,Pi04,Krielow2,6/2/2023,03:27:00 AM,Formica cinerea,A,0,0,8.27,84.342
391,4,F2B1,Pi04,Krielow2,6/2/2023,03:48:00 AM,Formica cinerea,A,0,0,8.07,86.346
392,4,C942,Pi04,Krielow2,6/2/2023,04:09:00 AM,Formica cinerea,A,0,0,7.945,84.557
393,4,FD65,Pi04,Krielow2,6/2/2023,04:30:00 AM,Formica cinerea,A,0,0,7.72,85.921
394,4,D021,Pi04,Krielow2,6/2/2023,04:51:00 AM,Formica cinerea,A,0,0,7.469,89.131
395,4,B1A6,Pi04,Krielow2,6/2/2023,05:12:00 AM,Formica cinerea,A,0,0,7.167,90.261
396,4,4260,Pi04,Krielow2,6/2/2023,05:33:00 AM,Formica cinerea,A,0,0,7.469,89.131
397,4,1794,Pi04,Krielow2,6/2/2023,05:54:00 AM,Formica cinerea,A,0,0,8.717,85.055
398,4,AD28,Pi04,Krielow2,6/2/2023,06:15:00 AM,Formica cinerea,A,0,0,9.139,83.244
399,4,59AB,Pi04,Krielow2,6/2/2023,06:36:00 AM,Formica cinerea,A,0,0,9.41,83.253
400,4,6D0D,Pi04,Krielow2,6/2/2023,06:57:00 AM,Formica cinerea,A,0,0,9.928,80.739
401,4,E80C,Pi04,Krielow2,6/2/2023,07:18:00 AM,Formica cinerea,A,0,0,10.687,78.703
402,4,0F10,Pi04,Krielow2,6/2/2023,07:39:00 AM,Formica cinerea,A,0,0,11.224,77.032
403,4,8897,Pi04,Krielow2,6/2/2023,08:00:00 AM,Formica cinerea,A,0,0,11.977,74.856
404,4,269D,Pi04,Krielow2,6/2/2023,08:21:00 AM,Formica cinerea,A,0,0,12.389,75.275
405,4,67AE,Pi04,Krielow2,6/2/2023,08:42:00 AM,Formica cinerea,A,0,0,13.353,70.638
406,4,D9F2,Pi04,Krielow2,6/2/2023,09:03:00 AM,Formica cinerea,A,2,0,13.497,71.435
407,4,F4AA,Pi04,Krielow2,6/2/2023,09:24:00 AM,Formica cinerea,A,2,2,15.342,65.419
408,4,62DB,Pi04,Krielow2,6/2/2023,09:45:00 AM,Formica cinerea,A,2,2,16.415,61.609
409,4,EEA5,Pi04,Krielow2,6/2/2023,10:06:00 AM,Formica cinerea,A,1,2,16.725,61.839
410,4,E3E1,Pi04,Krielow2,6/2/2023,10:27:00 AM,Formica cinerea,A,2,1,,
411,5,92FF,Pi04,Königsberg,5/15/2023,07:16:00 PM,Formica cinerea,A,11,NA,15.891,97.018
412,5,7430,Pi04,Königsberg,5/15/2023,07:37:00 PM,Formica cinerea,A,4,11,15.414,97.89
413,5,C793,Pi04,Königsberg,5/15/2023,07:58:00 PM,Formica cinerea,A,5,4,15.223,97.019
414,5,418D,Pi04,Königsberg,5/15/2023,08:19:00 PM,Formica cinerea,A,1,5,14.481,97.943
415,5,D96E,Pi04,Königsberg,5/15/2023,08:40:00 PM,Formica cinerea,A,3,1,14.05,98.359
416,5,C823,Pi04,Königsberg,5/15/2023,09:01:00 PM,Formica cinerea,A,2,3,13.497,98.562
417,5,C112,Pi04,Königsberg,5/15/2023,09:22:00 PM,Formica cinerea,A,1,2,12.171,98.801
418,5,75F2,Pi04,Königsberg,5/15/2023,09:43:00 PM,Formica cinerea,A,3,1,12.195,98.556
419,5,A595,Pi04,Königsberg,5/15/2023,10:04:00 PM,Formica cinerea,A,1,3,12.582,97.554
420,5,6D0D,Pi04,Königsberg,5/15/2023,10:25:00 PM,Formica cinerea,A,2,1,12.654,96.255
421,5,3BA0,Pi04,Königsberg,5/15/2023,10:46:00 PM,Formica cinerea,A,1,2,12.534,96.426
422,5,BC8A,Pi04,Königsberg,5/15/2023,11:07:00 PM,Formica cinerea,A,1,1,12.389,94.96
423,5,D10C,Pi04,Königsberg,5/15/2023,11:28:00 PM,Formica cinerea,A,1,1,12.509,95.146
424,5,66F9,Pi04,Königsberg,5/15/2023,11:49:00 PM,Formica cinerea,A,2,1,12.775,94.293
425,5,159,Pi04,Königsberg,5/16/2023,12:10:00 AM,Formica cinerea,A,4,2,12.219,94.941
426,5,E77B,Pi04,Königsberg,5/16/2023,12:31:00 AM,Formica cinerea,A,2,4,12.001,95.623
427,5,CCE9,Pi04,Königsberg,5/16/2023,12:52:00 AM,Formica cinerea,A,3,2,11.078,97.271
428,5,C5AE,Pi04,Königsberg,5/16/2023,01:13:00 AM,Formica cinerea,A,2,3,11.175,97.423
429,5,0E2A,Pi04,Königsberg,5/16/2023,01:34:00 AM,Formica cinerea,A,2,2,10.932,96.174
430,5,66F5,Pi04,Königsberg,5/16/2023,01:55:00 AM,Formica cinerea,A,1,2,10.761,96.405
431,5,B24C,Pi04,Königsberg,5/16/2023,02:16:00 AM,Formica cinerea,A,4,1,10.59,96.938
432,5,03C2,Pi04,Königsberg,5/16/2023,02:37:00 AM,Formica cinerea,A,2,4,10.198,98.057
433,5,DA60,Pi04,Königsberg,5/16/2023,02:58:00 AM,Formica cinerea,A,2,2,9.928,97.908
434,5,497F,Pi04,Königsberg,5/16/2023,03:19:00 AM,Formica cinerea,A,1,2,9.558,97.582
435,5,63C7,Pi04,Königsberg,5/16/2023,03:40:00 AM,Formica cinerea,A,1,1,9.46,96.756
436,5,2719,Pi04,Königsberg,5/16/2023,04:01:00 AM,Formica cinerea,A,0,1,9.805,95.342
437,5,DCE1,Pi04,Königsberg,5/16/2023,04:22:00 AM,Formica cinerea,A,1,0,9.952,94.115
438,5,D0F8,Pi04,Königsberg,5/16/2023,04:43:00 AM,Formica cinerea,A,1,1,9.928,93.752
439,5,C068,Pi04,Königsberg,5/16/2023,05:04:00 AM,Formica cinerea,A,1,1,9.928,94.159
440,5,DE3C,Pi04,Königsberg,5/16/2023,05:25:00 AM,Formica cinerea,A,1,1,9.854,93.096
441,5,90B5,Pi04,Königsberg,5/16/2023,05:46:00 AM,Formica cinerea,A,0,1,9.829,93.141
442,5,6FCD,Pi04,Königsberg,5/16/2023,06:07:00 AM,Formica cinerea,A,1,0,9.78,92.285
443,5,9316,Pi04,Königsberg,5/16/2023,06:28:00 AM,Formica cinerea,A,1,1,9.805,92.751
444,5,27AF,Pi04,Königsberg,5/16/2023,06:49:00 AM,Formica cinerea,A,1,1,10.075,92.181
445,5,1190,Pi04,Königsberg,5/16/2023,07:10:00 AM,Formica cinerea,A,3,1,10.296,90.976
446,5,A93B,Pi04,Königsberg,5/16/2023,07:32:00 AM,Formica cinerea,A,1,3,10.443,89.899
447,5,06A5,Pi04,Königsberg,5/16/2023,07:53:00 AM,Formica cinerea,A,1,1,10.761,89.431
448,5,F960,Pi04,Königsberg,5/16/2023,08:14:00 AM,Formica cinerea,A,2,1,10.932,89.656
449,5,0,Pi04,Königsberg,5/16/2023,08:35:00 AM,Formica cinerea,A,0,2,11.419,89.385
450,5,C300,Pi04,Königsberg,5/16/2023,08:56:00 AM,Formica cinerea,A,0,0,11.613,86.588
451,5,8498,Pi04,Königsberg,5/16/2023,09:17:00 AM,Formica cinerea,A,1,0,11.686,85.596
452,5,2A13,Pi04,Königsberg,5/16/2023,09:38:00 AM,Formica cinerea,A,2,1,12.001,86.575
453,5,18B8,Pi04,Königsberg,5/16/2023,09:59:00 AM,Formica cinerea,A,0,2,12.098,84.864
454,5,1B70,Pi04,Königsberg,5/16/2023,10:20:00 AM,Formica cinerea,A,2,0,12.122,84.334
455,5,427,Pi04,Königsberg,5/16/2023,10:41:00 AM,Formica cinerea,A,1,2,12.389,81.83
456,5,D6CD,Pi04,Königsberg,5/16/2023,11:02:00 AM,Formica cinerea,A,4,1,12.268,82.616
457,5,D22A,Pi04,Königsberg,5/16/2023,11:23:00 AM,Formica cinerea,A,1,4,12.847,79.334
458,5,3922,Pi04,Königsberg,5/16/2023,11:44:00 AM,Formica cinerea,A,5,1,14.625,73.475
459,5,9B27,Pi04,Königsberg,5/16/2023,12:05:00 PM,Formica cinerea,A,0,5,14.026,76.198
460,5,2AE9,Pi04,Königsberg,5/16/2023,12:26:00 PM,Formica cinerea,A,3,0,13.497,75.558
461,5,3D86,Pi04,Königsberg,5/16/2023,12:47:00 PM,Formica cinerea,A,0,3,13.546,75.259
462,5,A176,Pi04,Königsberg,5/16/2023,01:08:00 PM,Formica cinerea,A,2,0,14.601,71.592
463,5,F36F,Pi04,Königsberg,5/16/2023,01:29:00 PM,Formica cinerea,A,0,2,17.463,61.841
464,5,2B61,Pi04,Königsberg,5/16/2023,01:50:00 PM,Formica cinerea,A,0,0,20.555,49.088
465,5,473B,Pi04,Königsberg,5/16/2023,02:11:00 PM,Formica cinerea,A,0,0,22.345,40.523
466,5,BE7A,Pi04,Königsberg,5/16/2023,02:32:00 PM,Formica cinerea,A,2,0,23.208,40.094
467,5,EEF4,Pi04,Königsberg,5/16/2023,02:53:00 PM,Formica cinerea,A,4,2,22.178,37.104
468,5,79AD,Pi04,Königsberg,5/16/2023,03:14:00 PM,Formica cinerea,A,3,4,21.7,35.278
469,5,B7CE,Pi04,Königsberg,5/16/2023,03:35:00 PM,Formica cinerea,A,2,3,24.195,30.03
470,5,01EE,Pi04,Königsberg,5/16/2023,03:56:00 PM,Formica cinerea,A,0,2,23.4,30.502
471,5,7E+048,Pi04,Königsberg,5/16/2023,04:17:00 PM,Formica cinerea,A,1,0,23.376,29.827
472,5,FAC9,Pi04,Königsberg,5/16/2023,04:38:00 PM,Formica cinerea,A,2,1,24.243,26.713
473,5,98A4,Pi04,Königsberg,5/16/2023,04:59:00 PM,Formica cinerea,A,4,2,23.833,29.359
474,5,592E,Pi04,Königsberg,5/16/2023,05:20:00 PM,Formica cinerea,A,2,4,21.27,33.618
475,5,FAF5,Pi04,Königsberg,5/16/2023,05:41:00 PM,Formica cinerea,A,3,2,21.318,30.025
476,5,BA30,Pi04,Königsberg,5/16/2023,06:02:00 PM,Formica cinerea,A,1,3,21.7,28.748
477,5,FD64,Pi04,Königsberg,5/16/2023,06:23:00 PM,Formica cinerea,A,1,1,16.939,36.123
478,5,76C5,Pi04,Königsberg,5/16/2023,06:44:00 PM,Formica cinerea,A,2,1,15.748,38.94
479,5,904E,Pi04,Königsberg,5/16/2023,07:05:00 PM,Formica cinerea,A,1,2,14.792,42.627
480,5,C7D0,Pi04,Königsberg,5/16/2023,07:26:00 PM,Formica cinerea,A,2,1,14.409,40.87
481,5,CAF4,Pi04,Königsberg,5/16/2023,07:47:00 PM,Formica cinerea,A,3,2,13.954,41.708
482,5,BE2E,Pi04,Königsberg,5/16/2023,08:08:00 PM,Formica cinerea,A,0,3,12.558,48.568
483,5,2332,Pi04,Königsberg,5/16/2023,08:29:00 PM,Formica cinerea,A,0,0,11.662,52.088
484,5,7D07,Pi04,Königsberg,5/16/2023,08:50:00 PM,Formica cinerea,A,2,0,9.805,60.665
485,5,8B0A,Pi04,Königsberg,5/16/2023,09:11:00 PM,Formica cinerea,A,1,2,8.866,61.967
486,5,359,Pi04,Königsberg,5/16/2023,09:32:00 PM,Formica cinerea,A,0,1,8.618,62.534
487,5,2695,Pi04,Königsberg,5/16/2023,09:53:00 PM,Formica cinerea,A,0,0,6.965,73.117
488,5,E7E9,Pi04,Königsberg,5/16/2023,10:14:00 PM,Formica cinerea,A,0,0,6.23,77.282
489,5,3900,Pi04,Königsberg,5/16/2023,10:35:00 PM,Formica cinerea,A,0,0,5.385,82.116
490,5,67EC,Pi04,Königsberg,5/16/2023,10:56:00 PM,Formica cinerea,A,0,0,5.179,82.963
491,5,40EB,Pi04,Königsberg,5/16/2023,11:17:00 PM,Formica cinerea,A,0,0,4.844,84.557
492,5,B771,Pi04,Königsberg,5/16/2023,11:38:00 PM,Formica cinerea,A,0,0,4.402,86.727
493,5,6DA5,Pi04,Königsberg,5/16/2023,11:59:00 PM,Formica cinerea,A,0,0,4.428,85.367
494,5,336,Pi04,Königsberg,5/17/2023,12:20:00 AM,Formica cinerea,A,0,0,5.179,81.832
495,5,8EAA,Pi04,Königsberg,5/17/2023,12:41:00 AM,Formica cinerea,A,0,0,5.539,80.934
496,5,1346,Pi04,Königsberg,5/17/2023,01:02:00 AM,Formica cinerea,A,0,0,5.924,80.329
497,5,2D5F,Pi04,Königsberg,5/17/2023,01:23:00 AM,Formica cinerea,A,0,0,5.821,83.48
498,5,530,Pi04,Königsberg,5/17/2023,01:44:00 AM,Formica cinerea,A,0,0,5.821,84.005
499,5,3909,Pi04,Königsberg,5/17/2023,02:05:00 AM,Formica cinerea,A,0,0,5.565,85.873
500,5,97B6,Pi04,Königsberg,5/17/2023,02:26:00 AM,Formica cinerea,A,0,0,5.488,86.683
501,5,D83B,Pi04,Königsberg,5/17/2023,02:47:00 AM,Formica cinerea,A,0,0,5.179,88.534
502,5,7914,Pi04,Königsberg,5/17/2023,03:08:00 AM,Formica cinerea,A,0,0,4.688,90.873
503,5,513C,Pi04,Königsberg,5/17/2023,03:29:00 AM,Formica cinerea,A,0,0,4.532,91.939
504,5,5E+039,Pi04,Königsberg,5/17/2023,03:50:00 AM,Formica cinerea,A,0,0,4.428,93.658
505,5,D2BD,Pi04,Königsberg,5/17/2023,04:11:00 AM,Formica cinerea,A,0,0,4.844,92.671
506,5,303C,Pi04,Königsberg,5/17/2023,04:32:00 AM,Formica cinerea,A,0,0,5.539,91.142
507,5,75CA,Pi04,Königsberg,5/17/2023,04:53:00 AM,Formica cinerea,A,0,0,5.975,87.73
508,5,7169,Pi04,Königsberg,5/17/2023,05:14:00 AM,Formica cinerea,A,0,0,4.973,91.551
509,5,2F9B,Pi04,Königsberg,5/17/2023,05:35:00 AM,Formica cinerea,A,0,0,5.334,91.644
510,5,6235,Pi04,Königsberg,5/17/2023,05:56:00 AM,Formica cinerea,A,0,0,5.231,92.472
511,5,6F97,Pi04,Königsberg,5/17/2023,06:17:00 AM,Formica cinerea,A,0,0,5.308,92.943
512,5,0AA5,Pi04,Königsberg,5/17/2023,06:38:00 AM,Formica cinerea,A,1,0,6.306,91.694
513,5,3307,Pi04,Königsberg,5/17/2023,06:59:00 AM,Formica cinerea,A,0,1,7.066,90.107
514,5,383F,Pi04,Königsberg,5/17/2023,07:20:00 AM,Formica cinerea,A,1,0,11.151,77.375
515,5,EB56,Pi04,Königsberg,5/17/2023,07:41:00 AM,Formica cinerea,A,3,1,12.678,68.162
516,5,0D9E,Pi04,Königsberg,5/17/2023,08:02:00 AM,Formica cinerea,A,0,3,13.353,61.459
517,5,9A00,Pi04,Königsberg,5/17/2023,08:23:00 AM,Formica cinerea,A,0,0,12.654,62.138
518,5,251A,Pi04,Königsberg,5/17/2023,08:44:00 AM,Formica cinerea,A,0,0,12.992,59.443
519,5,290,Pi04,Königsberg,5/17/2023,09:05:00 AM,Formica cinerea,A,0,0,17.748,43.512
520,5,8306,Pi04,Königsberg,5/17/2023,09:26:00 AM,Formica cinerea,A,2,0,18.913,44.064
521,5,7424,Pi04,Königsberg,5/17/2023,09:47:00 AM,Formica cinerea,A,7,2,19.722,36.922
522,5,FDCF,Pi04,Königsberg,5/17/2023,10:08:00 AM,Formica cinerea,A,5,7,21.461,32.673
523,5,AF7E,Pi04,Königsberg,5/17/2023,10:30:00 AM,Formica cinerea,A,0,5,22.226,33.307
524,5,ED5F,Pi04,Königsberg,5/17/2023,10:51:00 AM,Formica cinerea,A,1,0,22.226,31.474
525,5,73A2,Pi04,Königsberg,5/17/2023,11:12:00 AM,Formica cinerea,A,1,1,22.848,30.053
526,5,8945,Pi04,Königsberg,5/17/2023,11:33:00 AM,Formica cinerea,A,3,1,23.809,34.118
527,6,7DBE,Pi03,Königsberg,5/15/2023,07:02:00 PM,Formica cinerea,B,10,NA,15.819,96.046
528,6,35B2,Pi03,Königsberg,5/15/2023,07:23:00 PM,Formica cinerea,B,6,10,15.39,92.972
529,6,2BA3,Pi03,Königsberg,5/15/2023,07:44:00 PM,Formica cinerea,B,4,6,15.27,92.601
530,6,8425,Pi03,Königsberg,5/15/2023,08:05:00 PM,Formica cinerea,B,5,4,14.84,92.256
531,6,A8D6,Pi03,Königsberg,5/15/2023,08:26:00 PM,Formica cinerea,B,5,5,14.409,91.44
532,6,CF9B,Pi03,Königsberg,5/15/2023,08:47:00 PM,Formica cinerea,B,5,5,13.93,92.989
533,6,A698,Pi03,Königsberg,5/15/2023,09:08:00 PM,Formica cinerea,B,6,5,12.485,94.037
534,6,9D92,Pi03,Königsberg,5/15/2023,09:29:00 PM,Formica cinerea,B,6,6,12.098,94.116
535,6,F6D0,Pi03,Königsberg,5/15/2023,09:50:00 PM,Formica cinerea,B,3,6,12.243,92.97
536,6,ABA1,Pi03,Königsberg,5/15/2023,10:11:00 PM,Formica cinerea,B,4,3,12.654,91.832
537,6,B4C8,Pi03,Königsberg,5/15/2023,10:32:00 PM,Formica cinerea,B,6,4,12.775,90.192
538,6,7046,Pi03,Königsberg,5/15/2023,10:53:00 PM,Formica cinerea,B,6,6,12.243,90.739
539,6,9FC7,Pi03,Königsberg,5/15/2023,11:14:00 PM,Formica cinerea,B,9,6,12.34,89.429
540,6,C823,Pi03,Königsberg,5/15/2023,11:35:00 PM,Formica cinerea,B,5,9,12.606,91.039
541,6,5016,Pi03,Königsberg,5/15/2023,11:56:00 PM,Formica cinerea,B,10,5,12.654,91.312
542,6,85DF,Pi03,Königsberg,5/16/2023,12:17:00 AM,Formica cinerea,B,10,10,12.025,92.579
543,6,FB86,Pi03,Königsberg,5/16/2023,12:38:00 AM,Formica cinerea,B,4,10,11.053,93.92
544,6,A4F8,Pi03,Königsberg,5/16/2023,12:59:00 AM,Formica cinerea,B,3,4,10.687,95.425
545,6,A00E,Pi03,Königsberg,5/16/2023,01:20:00 AM,Formica cinerea,B,4,3,10.932,94.881
546,6,5948,Pi03,Königsberg,5/16/2023,01:42:00 AM,Formica cinerea,B,3,4,10.638,95.514
547,6,697A,Pi03,Königsberg,5/16/2023,02:03:00 AM,Formica cinerea,B,5,3,10.345,96.545
548,6,591,Pi03,Königsberg,5/16/2023,02:24:00 AM,Formica cinerea,B,5,5,10.149,97.094
549,6,67DE,Pi03,Königsberg,5/16/2023,02:45:00 AM,Formica cinerea,B,4,5,10.001,97.454
550,6,8E+037,Pi03,Königsberg,5/16/2023,03:06:00 AM,Formica cinerea,B,2,4,9.485,98.059
551,6,6FF7,Pi03,Königsberg,5/16/2023,03:27:00 AM,Formica cinerea,B,4,2,9.213,97.387
552,6,4FD4,Pi03,Königsberg,5/16/2023,03:48:00 AM,Formica cinerea,B,4,4,9.657,95.403
553,6,1E+082,Pi03,Königsberg,5/16/2023,04:09:00 AM,Formica cinerea,B,3,4,9.829,93.676
554,6,94F3,Pi03,Königsberg,5/16/2023,04:30:00 AM,Formica cinerea,B,3,3,9.903,93.237
555,6,364C,Pi03,Königsberg,5/16/2023,04:51:00 AM,Formica cinerea,B,3,3,9.903,93.109
556,6,CF4E,Pi03,Königsberg,5/16/2023,05:12:00 AM,Formica cinerea,B,1,3,9.903,92.956
557,6,E482,Pi03,Königsberg,5/16/2023,05:33:00 AM,Formica cinerea,B,1,1,9.829,93.064
558,6,8CB2,Pi03,Königsberg,5/16/2023,05:54:00 AM,Formica cinerea,B,1,1,9.805,92.188
559,6,7BA1,Pi03,Königsberg,5/16/2023,06:15:00 AM,Formica cinerea,B,2,1,9.805,91.547
560,6,E826,Pi03,Königsberg,5/16/2023,06:36:00 AM,Formica cinerea,B,1,2,9.977,91.925
561,6,B064,Pi03,Königsberg,5/16/2023,06:57:00 AM,Formica cinerea,B,2,1,10.1,91.467
562,6,673A,Pi03,Königsberg,5/16/2023,07:18:00 AM,Formica cinerea,B,2,2,10.443,89.274
563,6,2CA7,Pi03,Königsberg,5/16/2023,07:39:00 AM,Formica cinerea,B,2,2,10.638,88.879
564,6,AB19,Pi03,Königsberg,5/16/2023,08:00:00 AM,Formica cinerea,B,2,2,10.736,87.434
565,6,F532,Pi03,Königsberg,5/16/2023,08:21:00 AM,Formica cinerea,B,1,2,11.053,87.879
566,6,62D7,Pi03,Königsberg,5/16/2023,08:42:00 AM,Formica cinerea,B,2,1,11.394,87.065
567,6,BE1C,Pi03,Königsberg,5/16/2023,09:03:00 AM,Formica cinerea,B,1,2,11.759,85.666
568,6,26000000000,Pi03,Königsberg,5/16/2023,09:24:00 AM,Formica cinerea,B,4,1,11.88,85.775
569,6,CE51,Pi03,Königsberg,5/16/2023,09:45:00 AM,Formica cinerea,B,1,4,12.001,85.243
570,6,B10C,Pi03,Königsberg,5/16/2023,10:06:00 AM,Formica cinerea,B,3,1,11.977,83.709
571,6,B751,Pi03,Königsberg,5/16/2023,10:27:00 AM,Formica cinerea,B,4,3,12.074,83.489
572,6,9752,Pi03,Königsberg,5/16/2023,10:48:00 AM,Formica cinerea,B,8,4,12.268,83.372
573,6,DF4C,Pi03,Königsberg,5/16/2023,11:09:00 AM,Formica cinerea,B,3,8,12.34,83.847
574,6,EBB6,Pi03,Königsberg,5/16/2023,11:30:00 AM,Formica cinerea,B,4,3,12.968,79.992
575,6,D372,Pi03,Königsberg,5/16/2023,11:51:00 AM,Formica cinerea,B,8,4,15.031,71.045
576,6,C16A,Pi03,Königsberg,5/16/2023,12:12:00 PM,Formica cinerea,B,7,8,13.93,76.011
577,6,7DE2,Pi03,Königsberg,5/16/2023,12:33:00 PM,Formica cinerea,B,6,7,13.497,76.089
578,6,EFF9,Pi03,Königsberg,5/16/2023,12:54:00 PM,Formica cinerea,B,6,6,14.242,71.75
579,6,33DD,Pi03,Königsberg,5/16/2023,01:15:00 PM,Formica cinerea,B,7,6,14.433,73.578
580,6,9062,Pi03,Königsberg,5/16/2023,01:36:00 PM,Formica cinerea,B,5,7,17.605,60.515
581,6,1B58,Pi03,Königsberg,5/16/2023,01:57:00 PM,Formica cinerea,B,11,5,19.698,54.155
582,6,DA9A,Pi03,Königsberg,5/16/2023,02:18:00 PM,Formica cinerea,B,7,11,21.079,49.724
583,6,800000000000,Pi03,Königsberg,5/16/2023,02:39:00 PM,Formica cinerea,B,12,7,20.269,46.424
584,6,1E0B,Pi03,Königsberg,5/16/2023,03:00:00 PM,Formica cinerea,B,15,12,21.175,43.946
585,6,C627,Pi03,Königsberg,5/16/2023,03:21:00 PM,Formica cinerea,B,9,15,21.891,39.301
586,6,5C09,Pi03,Königsberg,5/16/2023,03:42:00 PM,Formica cinerea,B,10,9,23.352,34.774
587,6,7E+059,Pi03,Königsberg,5/16/2023,04:03:00 PM,Formica cinerea,B,12,10,22.226,36.714
588,6,D41F,Pi03,Königsberg,5/16/2023,04:24:00 PM,Formica cinerea,B,10,12,22.729,36.302
589,6,F5C0,Pi03,Königsberg,5/16/2023,04:45:00 PM,Formica cinerea,B,10,10,23.448,29.766
590,6,E1F1,Pi03,Königsberg,5/16/2023,05:06:00 PM,Formica cinerea,B,10,10,23.28,32.769
591,6,BACA,Pi03,Königsberg,5/16/2023,05:27:00 PM,Formica cinerea,B,10,10,20.936,38.189
592,6,1FBB,Pi03,Königsberg,5/16/2023,05:48:00 PM,Formica cinerea,B,9,10,21.557,32.016
593,6,92CE,Pi03,Königsberg,5/16/2023,06:09:00 PM,Formica cinerea,B,12,9,22.011,32.622
594,6,6FC6,Pi03,Königsberg,5/16/2023,06:30:00 PM,Formica cinerea,B,7,12,19.008,35.085
595,6,CFEF,Pi03,Königsberg,5/16/2023,06:51:00 PM,Formica cinerea,B,8,7,15.055,48.711
596,6,083C,Pi03,Königsberg,5/16/2023,07:12:00 PM,Formica cinerea,B,7,8,14.577,46.219
597,6,824E,Pi03,Königsberg,5/16/2023,07:33:00 PM,Formica cinerea,B,5,7,13.642,45.759
598,6,27C9,Pi03,Königsberg,5/16/2023,07:54:00 PM,Formica cinerea,B,6,5,12.992,51.88
599,6,139D,Pi03,Königsberg,5/16/2023,08:15:00 PM,Formica cinerea,B,7,6,11.977,55.579
600,6,33F7,Pi03,Königsberg,5/16/2023,08:36:00 PM,Formica cinerea,B,5,7,9.903,63.798
601,6,E7A5,Pi03,Königsberg,5/16/2023,08:57:00 PM,Formica cinerea,B,9,5,9.188,68.853
602,6,9DA9,Pi03,Königsberg,5/16/2023,09:18:00 PM,Formica cinerea,B,5,9,7.544,72.902
603,6,68B6,Pi03,Königsberg,5/16/2023,09:39:00 PM,Formica cinerea,B,4,5,6.458,79.405
604,6,1FC5,Pi03,Königsberg,5/16/2023,10:00:00 PM,Formica cinerea,B,3,4,5.796,81.946
605,6,FC12,Pi03,Königsberg,5/16/2023,10:21:00 PM,Formica cinerea,B,4,3,4.947,86.551
606,6,2FFC,Pi03,Königsberg,5/16/2023,10:42:00 PM,Formica cinerea,B,3,4,4.506,88.774
607,6,DED5,Pi03,Königsberg,5/16/2023,11:03:00 PM,Formica cinerea,B,3,3,3.906,91.024
608,6,780000000,Pi03,Königsberg,5/16/2023,11:24:00 PM,Formica cinerea,B,2,3,3.643,91.807
609,6,93F2,Pi03,Königsberg,5/16/2023,11:45:00 PM,Formica cinerea,B,2,2,3.406,92.741
610,6,ABC4,Pi03,Königsberg,5/17/2023,12:06:00 AM,Formica cinerea,B,2,2,4.61,87.651
611,6,6488,Pi03,Königsberg,5/17/2023,12:27:00 AM,Formica cinerea,B,2,2,4.688,86.488
612,6,8A12,Pi03,Königsberg,5/17/2023,12:48:00 AM,Formica cinerea,B,0,2,5.411,84.901
613,6,6F79,Pi03,Königsberg,5/17/2023,01:09:00 AM,Formica cinerea,B,2,0,5.437,86.308
614,6,A0C0,Pi03,Königsberg,5/17/2023,01:30:00 AM,Formica cinerea,B,0,2,5.488,87.121
615,6,8294,Pi03,Königsberg,5/17/2023,01:51:00 AM,Formica cinerea,B,1,0,5.36,88.553
616,6,0A59,Pi03,Königsberg,5/17/2023,02:12:00 AM,Formica cinerea,B,0,1,5.154,89.42
617,6,82DF,Pi03,Königsberg,5/17/2023,02:33:00 AM,Formica cinerea,B,0,0,4.921,91.084
618,6,2558,Pi03,Königsberg,5/17/2023,02:54:00 AM,Formica cinerea,B,0,0,4.844,91.919
619,6,046B,Pi03,Königsberg,5/17/2023,03:15:00 AM,Formica cinerea,B,0,0,4.688,92.18
620,6,FAE9,Pi03,Königsberg,5/17/2023,03:36:00 AM,Formica cinerea,B,2,0,4.428,93.459
621,6,8E+071,Pi03,Königsberg,5/17/2023,03:57:00 AM,Formica cinerea,B,0,2,4.376,94.906
622,6,576,Pi03,Königsberg,5/17/2023,04:19:00 AM,Formica cinerea,B,1,0,5.488,92.389
623,6,C771,Pi03,Königsberg,5/17/2023,04:40:00 AM,Formica cinerea,B,2,1,5.949,91.02
624,6,444E,Pi03,Königsberg,5/17/2023,05:01:00 AM,Formica cinerea,B,0,2,5.847,89.34
625,6,48BD,Pi03,Königsberg,5/17/2023,05:22:00 AM,Formica cinerea,B,0,0,5.154,93.477
626,6,30FF,Pi03,Königsberg,5/17/2023,05:43:00 AM,Formica cinerea,B,0,0,5.231,92.973
627,6,550F,Pi03,Königsberg,5/17/2023,06:04:00 AM,Formica cinerea,B,0,0,5.179,94.405
628,6,DE48,Pi03,Königsberg,5/17/2023,06:25:00 AM,Formica cinerea,B,0,0,5.539,94.402
629,6,F69A,Pi03,Königsberg,5/17/2023,06:46:00 AM,Formica cinerea,B,2,0,6.026,93.883
630,6,54DB,Pi03,Königsberg,5/17/2023,07:07:00 AM,Formica cinerea,B,2,2,10.687,78.539
631,6,5DEB,Pi03,Königsberg,5/17/2023,07:28:00 AM,Formica cinerea,B,3,2,12.485,73.866
632,6,0,Pi03,Königsberg,5/17/2023,07:49:00 AM,Formica cinerea,B,2,3,14.002,61.241
633,6,A2AD,Pi03,Königsberg,5/17/2023,08:10:00 AM,Formica cinerea,B,2,2,12.05,73.414
634,6,95A5,Pi03,Königsberg,5/17/2023,08:31:00 AM,Formica cinerea,B,6,2,13.497,61.276
635,6,64FD,Pi03,Königsberg,5/17/2023,08:52:00 AM,Formica cinerea,B,5,6,14.026,57.995
636,6,DFFD,Pi03,Königsberg,5/17/2023,09:13:00 AM,Formica cinerea,B,4,5,17.558,44.601
637,6,5833,Pi03,Königsberg,5/17/2023,09:34:00 AM,Formica cinerea,B,12,4,19.555,41.639
638,6,BC98,Pi03,Königsberg,5/17/2023,09:55:00 AM,Formica cinerea,B,9,12,19.127,43.002
639,6,77DC,Pi03,Königsberg,5/17/2023,10:16:00 AM,Formica cinerea,B,9,9,21.509,38.183
640,6,BE9F,Pi03,Königsberg,5/17/2023,10:37:00 AM,Formica cinerea,B,8,9,22.848,32.531
641,6,BDA2,Pi03,Königsberg,5/17/2023,10:58:00 AM,Formica cinerea,B,12,8,22.609,34.305
642,6,B90F,Pi03,Königsberg,5/17/2023,11:19:00 AM,Formica cinerea,B,1,12,,
643,7,F2CF,Pi02,Königsberg,6/14/2023,12:55:00 PM,Formica cinerea,C,1,NA,29.765,28.917
644,7,9D2C,Pi02,Königsberg,6/14/2023,01:16:00 PM,Formica cinerea,C,0,1,28.99,29.984
645,7,8703,Pi02,Königsberg,6/14/2023,01:37:00 PM,Formica cinerea,C,0,0,29.54,29.104
646,7,10CE,Pi02,Königsberg,6/14/2023,01:58:00 PM,Formica cinerea,C,0,0,30.394,29.653
647,7,2622,Pi02,Königsberg,6/14/2023,02:19:00 PM,Formica cinerea,C,1,0,28.891,27.269
648,7,375E,Pi02,Königsberg,6/14/2023,02:40:00 PM,Formica cinerea,C,0,1,30.672,25.846
649,7,F001,Pi02,Königsberg,6/14/2023,03:01:00 PM,Formica cinerea,C,0,0,30.318,25.994
650,7,AC24,Pi02,Königsberg,6/14/2023,03:22:00 PM,Formica cinerea,C,2,0,31.51,22.941
651,7,576D,Pi02,Königsberg,6/14/2023,03:43:00 PM,Formica cinerea,C,1,2,31.714,22.393
652,7,B44E,Pi02,Königsberg,6/14/2023,04:04:00 PM,Formica cinerea,C,0,1,31.663,20.914
653,7,476F,Pi02,Königsberg,6/14/2023,04:25:00 PM,Formica cinerea,C,3,0,29.165,23.971
654,7,AC9A,Pi02,Königsberg,6/14/2023,04:46:00 PM,Formica cinerea,C,4,3,26.036,31.872
655,7,E5DC,Pi02,Königsberg,6/14/2023,05:07:00 PM,Formica cinerea,C,5,4,25.453,32.964
656,7,88F4,Pi02,Königsberg,6/14/2023,05:28:00 PM,Formica cinerea,C,5,5,24.195,35.186
657,7,66B0,Pi02,Königsberg,6/14/2023,05:49:00 PM,Formica cinerea,C,7,5,23.521,36.644
658,7,B395,Pi02,Königsberg,6/14/2023,06:10:00 PM,Formica cinerea,C,6,7,23.328,37.417
659,7,48000000,Pi02,Königsberg,6/14/2023,06:31:00 PM,Formica cinerea,C,6,6,23.088,37.853
660,7,9605,Pi02,Königsberg,6/14/2023,06:52:00 PM,Formica cinerea,C,6,6,22.992,38.303
661,7,31A0,Pi02,Königsberg,6/14/2023,07:13:00 PM,Formica cinerea,C,5,6,22.992,39.614
662,7,55B4,Pi02,Königsberg,6/14/2023,07:34:00 PM,Formica cinerea,C,3,5,22.944,39.38
663,7,B965,Pi02,Königsberg,6/14/2023,07:55:00 PM,Formica cinerea,C,4,3,22.274,40.613
664,7,5A9F,Pi02,Königsberg,6/14/2023,08:16:00 PM,Formica cinerea,C,2,4,21.366,42.682
665,7,B682,Pi02,Königsberg,6/14/2023,08:37:00 PM,Formica cinerea,C,2,2,20.913,44.429
666,7,F31A,Pi02,Königsberg,6/14/2023,08:58:00 PM,Formica cinerea,C,1,2,20.103,46.562
667,7,B422,Pi02,Königsberg,6/14/2023,09:19:00 PM,Formica cinerea,C,3,1,19.674,48.406
668,7,FFAC,Pi02,Königsberg,6/14/2023,09:40:00 PM,Formica cinerea,C,2,3,19.318,49.083
669,7,A60E,Pi02,Königsberg,6/14/2023,10:01:00 PM,Formica cinerea,C,3,2,18.461,51.966
670,7,F88C,Pi02,Königsberg,6/14/2023,10:22:00 PM,Formica cinerea,C,4,3,18.152,53.377
671,7,F12F,Pi02,Königsberg,6/14/2023,10:43:00 PM,Formica cinerea,C,4,4,17.843,55.454
672,7,78AC,Pi02,Königsberg,6/14/2023,11:04:00 PM,Formica cinerea,C,4,4,17.772,55.382
673,7,7815,Pi02,Königsberg,6/14/2023,11:25:00 PM,Formica cinerea,C,3,4,17.582,55.14
674,7,C71A,Pi02,Königsberg,6/14/2023,11:46:00 PM,Formica cinerea,C,3,3,17.13,56.994
675,7,DAAA,Pi02,Königsberg,6/15/2023,12:07:00 AM,Formica cinerea,C,3,3,16.654,57.528
676,7,D09F,Pi02,Königsberg,6/15/2023,12:28:00 AM,Formica cinerea,C,0,3,15.605,60.64
677,7,2A32,Pi02,Königsberg,6/15/2023,12:49:00 AM,Formica cinerea,C,1,0,14.984,63.209
678,7,79ED,Pi02,Königsberg,6/15/2023,01:10:00 AM,Formica cinerea,C,2,1,14.409,65.489
679,7,91DA,Pi02,Königsberg,6/15/2023,01:31:00 AM,Formica cinerea,C,0,2,12.871,70.118
680,7,9000,Pi02,Königsberg,6/15/2023,01:52:00 AM,Formica cinerea,C,0,0,12.195,70.388
681,7,E4D7,Pi02,Königsberg,6/15/2023,02:13:00 AM,Formica cinerea,C,1,0,11.346,73.329
682,7,AA73,Pi02,Königsberg,6/15/2023,02:34:00 AM,Formica cinerea,C,1,1,11.078,74.366
683,7,8652,Pi02,Königsberg,6/15/2023,02:55:00 AM,Formica cinerea,C,0,1,10.638,77.074
684,7,4399,Pi02,Königsberg,6/15/2023,03:16:00 AM,Formica cinerea,C,1,0,10.075,78.98
685,7,F18C,Pi02,Königsberg,6/15/2023,03:37:00 AM,Formica cinerea,C,1,1,10.026,81.57
686,7,FBE0,Pi02,Königsberg,6/15/2023,03:58:00 AM,Formica cinerea,C,0,1,9.682,81.331
687,7,A519,Pi02,Königsberg,6/15/2023,04:19:00 AM,Formica cinerea,C,0,0,9.558,83.314
688,7,878,Pi02,Königsberg,6/15/2023,04:40:00 AM,Formica cinerea,C,0,0,9.312,82.75
689,7,189A,Pi02,Königsberg,6/15/2023,05:01:00 AM,Formica cinerea,C,1,0,9.731,86.139
690,7,2E0A,Pi02,Königsberg,6/15/2023,05:22:00 AM,Formica cinerea,C,1,1,11.102,83.294
691,7,B8CF,Pi02,Königsberg,6/15/2023,05:43:00 AM,Formica cinerea,C,1,1,11.37,80.788
692,7,BCD8,Pi02,Königsberg,6/15/2023,06:04:00 AM,Formica cinerea,C,0,1,11.759,81.472
693,7,B4CF,Pi02,Königsberg,6/15/2023,06:25:00 AM,Formica cinerea,C,0,0,12.025,80.442
694,7,8199,Pi02,Königsberg,6/15/2023,06:46:00 AM,Formica cinerea,C,2,0,12.582,81.002
695,7,9339,Pi02,Königsberg,6/15/2023,07:07:00 AM,Formica cinerea,C,1,2,14.194,77.935
696,7,440A,Pi02,Königsberg,6/15/2023,07:28:00 AM,Formica cinerea,C,4,1,17.463,64.758
697,7,2714,Pi02,Königsberg,6/15/2023,07:50:00 AM,Formica cinerea,C,3,4,20.174,55.737
698,7,1B18,Pi02,Königsberg,6/15/2023,08:11:00 AM,Formica cinerea,C,1,3,20.246,54.481
699,7,F561,Pi02,Königsberg,6/15/2023,08:32:00 AM,Formica cinerea,C,1,1,20.15,52.481
700,7,3209,Pi02,Königsberg,6/15/2023,08:53:00 AM,Formica cinerea,C,2,1,21.987,50.412
701,7,5866,Pi02,Königsberg,6/15/2023,09:14:00 AM,Formica cinerea,C,3,2,24.702,41.172
702,7,EED2,Pi02,Königsberg,6/15/2023,09:35:00 AM,Formica cinerea,C,1,3,24.171,41.113
703,7,3458,Pi02,Königsberg,6/15/2023,09:56:00 AM,Formica cinerea,C,1,1,23.641,43.654
704,7,08F3,Pi02,Königsberg,6/15/2023,10:17:00 AM,Formica cinerea,C,0,1,28.642,30.399
705,7,3ED3,Pi02,Königsberg,6/15/2023,10:38:00 AM,Formica cinerea,C,1,0,29.065,28.93
706,7,FD93,Pi02,Königsberg,6/15/2023,10:59:00 AM,Formica cinerea,C,0,1,30.925,26.107
707,7,3634,Pi02,Königsberg,6/15/2023,11:20:00 AM,Formica cinerea,C,3,0,29.916,27.553
708,7,9E+097,Pi02,Königsberg,6/15/2023,11:41:00 AM,Formica cinerea,C,0,3,30.091,26.323
709,7,F3E2,Pi02,Königsberg,6/15/2023,12:02:00 PM,Formica cinerea,C,1,0,28.916,26.995
710,7,A8CA,Pi02,Königsberg,6/15/2023,12:23:00 PM,Formica cinerea,C,0,1,29.14,27.459
711,7,8161,Pi02,Königsberg,6/15/2023,12:44:00 PM,Formica cinerea,C,0,0,31.561,24.482
712,7,DE1C,Pi02,Königsberg,6/15/2023,01:05:00 PM,Formica cinerea,C,3,0,29.215,28.839
713,7,B4FB,Pi02,Königsberg,6/15/2023,01:26:00 PM,Formica cinerea,C,2,3,27.505,31.797
714,7,E5F6,Pi02,Königsberg,6/15/2023,01:47:00 PM,Formica cinerea,C,2,2,28.147,29.471
715,7,DABD,Pi02,Königsberg,6/15/2023,02:08:00 PM,Formica cinerea,C,4,2,28.122,31.647
716,7,C062,Pi02,Königsberg,6/15/2023,02:29:00 PM,Formica cinerea,C,0,4,28.023,27.786
717,7,5FF3,Pi02,Königsberg,6/15/2023,02:50:00 PM,Formica cinerea,C,4,0,27.407,28.388
718,7,58BE,Pi02,Königsberg,6/15/2023,03:11:00 PM,Formica cinerea,C,0,4,27.579,28.436
719,7,8240,Pi02,Königsberg,6/15/2023,03:32:00 PM,Formica cinerea,C,2,0,26.5,30.357
720,7,E79E,Pi02,Königsberg,6/15/2023,03:53:00 PM,Formica cinerea,C,3,2,26.109,28.729
721,7,B117,Pi02,Königsberg,6/15/2023,04:14:00 PM,Formica cinerea,C,2,3,26.134,29.716
722,7,E372,Pi02,Königsberg,6/15/2023,04:35:00 PM,Formica cinerea,C,4,2,26.671,30.201
723,7,D0CE,Pi02,Königsberg,6/15/2023,04:56:00 PM,Formica cinerea,C,3,4,29.941,25.966
724,7,8D4A,Pi02,Königsberg,6/15/2023,05:17:00 PM,Formica cinerea,C,4,3,29.59,24.971
725,7,3112,Pi02,Königsberg,6/15/2023,05:38:00 PM,Formica cinerea,C,1,4,27.727,28.208
726,7,BCE4,Pi02,Königsberg,6/15/2023,05:59:00 PM,Formica cinerea,C,2,1,26.28,29.66
727,7,A894,Pi02,Königsberg,6/15/2023,06:20:00 PM,Formica cinerea,C,3,2,25.671,28.966
728,7,EA94,Pi02,Königsberg,6/15/2023,06:41:00 PM,Formica cinerea,C,3,3,25.186,30.213
729,7,89D0,Pi02,Königsberg,6/15/2023,07:02:00 PM,Formica cinerea,C,2,3,23.617,34.466
730,7,9A7D,Pi02,Königsberg,6/15/2023,07:23:00 PM,Formica cinerea,C,3,2,22.8,37.955
731,7,1B78,Pi02,Königsberg,6/15/2023,07:44:00 PM,Formica cinerea,C,2,3,20.627,45.066
732,7,024F,Pi02,Königsberg,6/15/2023,08:05:00 PM,Formica cinerea,C,0,2,19.746,48.667
733,7,94DB,Pi02,Königsberg,6/15/2023,08:26:00 PM,Formica cinerea,C,2,0,19.365,49.278
734,7,79A9,Pi02,Königsberg,6/15/2023,08:47:00 PM,Formica cinerea,C,3,2,17.819,52.527
735,7,4DB5,Pi02,Königsberg,6/15/2023,09:08:00 PM,Formica cinerea,C,3,3,17.796,53.357
736,7,5BD3,Pi02,Königsberg,6/15/2023,09:29:00 PM,Formica cinerea,C,3,3,16.534,55.87
737,7,BDC5,Pi02,Königsberg,6/15/2023,09:50:00 PM,Formica cinerea,C,3,3,17.13,58.086
738,7,6536,Pi02,Königsberg,6/15/2023,10:11:00 PM,Formica cinerea,C,3,3,17.605,56.488
739,7,904A,Pi02,Königsberg,6/15/2023,10:32:00 PM,Formica cinerea,C,3,3,17.724,55.099
740,7,5FA7,Pi02,Königsberg,6/15/2023,10:53:00 PM,Formica cinerea,C,3,3,17.463,57.349
741,7,6DFE,Pi02,Königsberg,6/15/2023,11:14:00 PM,Formica cinerea,C,1,3,17.415,62.819
742,7,349C,Pi02,Königsberg,6/15/2023,11:35:00 PM,Formica cinerea,C,4,1,16.939,64.105
743,7,E947,Pi02,Königsberg,6/15/2023,11:56:00 PM,Formica cinerea,C,0,4,16.058,65.221
744,7,A8AF,Pi02,Königsberg,6/16/2023,12:17:00 AM,Formica cinerea,C,2,0,14.697,70.091
745,7,4EE6,Pi02,Königsberg,6/16/2023,12:38:00 AM,Formica cinerea,C,1,2,14.721,71.786
746,7,B139,Pi02,Königsberg,6/16/2023,12:59:00 AM,Formica cinerea,C,1,1,15.724,71.493
747,7,9383,Pi02,Königsberg,6/16/2023,01:20:00 AM,Formica cinerea,C,1,1,15.605,85.682
748,7,5699,Pi02,Königsberg,6/16/2023,01:41:00 AM,Formica cinerea,C,0,1,14.912,93.345
749,7,30F8,Pi02,Königsberg,6/16/2023,02:02:00 AM,Formica cinerea,C,0,0,14.625,95.602
750,7,040D,Pi02,Königsberg,6/16/2023,02:23:00 AM,Formica cinerea,C,0,0,14.673,96.18
751,7,1310,Pi02,Königsberg,6/16/2023,02:44:00 AM,Formica cinerea,C,2,0,14.768,96.565
752,7,1311,Pi02,Königsberg,6/16/2023,03:05:00 AM,Formica cinerea,C,3,2,14.768,96.974
753,7,50FE,Pi02,Königsberg,6/16/2023,03:26:00 AM,Formica cinerea,C,0,3,14.792,97.109
754,7,D4A1,Pi02,Königsberg,6/16/2023,03:47:00 AM,Formica cinerea,C,2,0,14.673,97.204
755,7,282A,Pi02,Königsberg,6/16/2023,04:08:00 AM,Formica cinerea,C,1,2,14.505,97.262
756,7,2065,Pi02,Königsberg,6/16/2023,04:29:00 AM,Formica cinerea,C,0,1,14.409,97.695
757,7,911A,Pi02,Königsberg,6/16/2023,04:50:00 AM,Formica cinerea,C,2,0,14.457,97.733
758,7,5C3C,Pi02,Königsberg,6/16/2023,05:11:00 AM,Formica cinerea,C,0,2,14.457,97.911
759,7,7C80,Pi02,Königsberg,6/16/2023,05:32:00 AM,Formica cinerea,C,0,0,14.266,97.757
760,7,6210,Pi02,Königsberg,6/16/2023,05:53:00 AM,Formica cinerea,C,0,0,14.218,97.49
761,7,2354,Pi02,Königsberg,6/16/2023,06:14:00 AM,Formica cinerea,C,0,0,14.577,97.74
762,7,2604,Pi02,Königsberg,6/16/2023,06:35:00 AM,Formica cinerea,C,1,0,14.649,96.866
763,7,1699,Pi02,Königsberg,6/16/2023,06:56:00 AM,Formica cinerea,C,1,1,14.577,96.872
764,7,65D0,Pi02,Königsberg,6/16/2023,07:17:00 AM,Formica cinerea,C,3,1,14.409,97.924
765,7,6656,Pi02,Königsberg,6/16/2023,07:38:00 AM,Formica cinerea,C,1,3,14.481,97.994
766,7,3D55,Pi02,Königsberg,6/16/2023,07:59:00 AM,Formica cinerea,C,1,1,14.553,98.141
767,7,7D0B,Pi02,Königsberg,6/16/2023,08:20:00 AM,Formica cinerea,C,1,1,14.792,98.002
768,7,79D5,Pi02,Königsberg,6/16/2023,08:41:00 AM,Formica cinerea,C,1,1,14.888,97.109
769,7,C39A,Pi02,Königsberg,6/16/2023,09:02:00 AM,Formica cinerea,C,5,1,15.079,97.723
770,7,6B7C,Pi02,Königsberg,6/16/2023,09:23:00 AM,Formica cinerea,C,4,5,15.796,98.325
771,7,BC74,Pi02,Königsberg,6/16/2023,09:44:00 AM,Formica cinerea,C,2,4,18.319,91.811
772,7,F15F,Pi02,Königsberg,6/16/2023,10:05:00 AM,Formica cinerea,C,5,2,17.486,91.417
773,8,D351,Pi03,Königsberg,6/14/2023,01:23:00 PM,Formica cinerea,D,6,NA,30.091,29.08
774,8,14B1,Pi03,Königsberg,6/14/2023,01:44:00 PM,Formica cinerea,D,3,6,30.066,29.49
775,8,7DD1,Pi03,Königsberg,6/14/2023,02:05:00 PM,Formica cinerea,D,1,3,31.23,26.822
776,8,56F2,Pi03,Königsberg,6/14/2023,02:26:00 PM,Formica cinerea,D,2,1,29.49,27.658
777,8,410E,Pi03,Königsberg,6/14/2023,02:47:00 PM,Formica cinerea,D,0,2,32.201,23.477
778,8,7F92,Pi03,Königsberg,6/14/2023,03:08:00 PM,Formica cinerea,D,0,0,31.408,26.836
779,8,64FB,Pi03,Königsberg,6/14/2023,03:29:00 PM,Formica cinerea,D,1,0,30.798,22.895
780,8,79CD,Pi03,Königsberg,6/14/2023,03:50:00 PM,Formica cinerea,D,1,1,32.691,19.845
781,8,9D3D,Pi03,Königsberg,6/14/2023,04:11:00 PM,Formica cinerea,D,0,1,31.842,20.784
782,8,98EC,Pi03,Königsberg,6/14/2023,04:32:00 PM,Formica cinerea,D,30,0,27.014,29.856
783,8,296E,Pi03,Königsberg,6/14/2023,04:53:00 PM,Formica cinerea,D,30,30,25.793,32.591
784,8,D34D,Pi03,Königsberg,6/14/2023,05:14:00 PM,Formica cinerea,D,30,30,25.355,33.626
785,8,6021,Pi03,Königsberg,6/14/2023,05:35:00 PM,Formica cinerea,D,30,30,24.026,36.132
786,8,8EDB,Pi03,Königsberg,6/14/2023,05:56:00 PM,Formica cinerea,D,30,30,23.497,36.906
787,8,6F44,Pi03,Königsberg,6/14/2023,06:17:00 PM,Formica cinerea,D,30,30,23.184,38.126
788,8,9AF2,Pi03,Königsberg,6/14/2023,06:38:00 PM,Formica cinerea,D,30,30,22.92,38.033
789,8,BAEE,Pi03,Königsberg,6/14/2023,06:59:00 PM,Formica cinerea,D,30,30,22.705,39.354
790,8,420000000,Pi03,Königsberg,6/14/2023,07:20:00 PM,Formica cinerea,D,30,30,22.896,40.322
791,8,940000,Pi03,Königsberg,6/14/2023,07:41:00 PM,Formica cinerea,D,30,30,22.729,40.206
792,8,9C7F,Pi03,Königsberg,6/14/2023,08:02:00 PM,Formica cinerea,D,30,30,21.509,42.795
793,8,732B,Pi03,Königsberg,6/14/2023,08:23:00 PM,Formica cinerea,D,30,30,21.127,44.838
794,8,CF8A,Pi03,Königsberg,6/14/2023,08:44:00 PM,Formica cinerea,D,30,30,20.698,46.191
795,8,17AD,Pi03,Königsberg,6/14/2023,09:05:00 PM,Formica cinerea,D,30,30,19.817,47.919
796,8,C07F,Pi03,Königsberg,6/14/2023,09:26:00 PM,Formica cinerea,D,30,30,19.389,50.003
797,8,76CF,Pi03,Königsberg,6/14/2023,09:47:00 PM,Formica cinerea,D,30,30,18.675,52.275
798,8,96D2,Pi03,Königsberg,6/14/2023,10:08:00 PM,Formica cinerea,D,30,30,18.343,54.545
799,8,788C,Pi03,Königsberg,6/14/2023,10:29:00 PM,Formica cinerea,D,30,30,18.081,54.415
800,8,6F7F,Pi03,Königsberg,6/14/2023,10:50:00 PM,Formica cinerea,D,30,30,17.748,56.235
801,8,B157,Pi03,Königsberg,6/14/2023,11:11:00 PM,Formica cinerea,D,30,30,17.653,56.587
802,8,D4B6,Pi03,Königsberg,6/14/2023,11:32:00 PM,Formica cinerea,D,30,30,17.225,57.313
803,8,6FA4,Pi03,Königsberg,6/14/2023,11:53:00 PM,Formica cinerea,D,30,30,16.939,57.996
804,8,6B12,Pi03,Königsberg,6/15/2023,12:14:00 AM,Formica cinerea,D,30,30,16.415,59.543
805,8,37A8,Pi03,Königsberg,6/15/2023,12:35:00 AM,Formica cinerea,D,30,30,15.27,62.518
806,8,7B6B,Pi03,Königsberg,6/15/2023,12:56:00 AM,Formica cinerea,D,30,30,14.697,64.837
807,8,4A11,Pi03,Königsberg,6/15/2023,01:17:00 AM,Formica cinerea,D,30,30,13.161,69.629
808,8,BD47,Pi03,Königsberg,6/15/2023,01:38:00 AM,Formica cinerea,D,30,30,12.485,72.203
809,8,671F,Pi03,Königsberg,6/15/2023,01:59:00 AM,Formica cinerea,D,30,30,11.88,72.508
810,8,B161,Pi03,Königsberg,6/15/2023,02:20:00 AM,Formica cinerea,D,30,30,10.956,76.975
811,8,A6A9,Pi03,Königsberg,6/15/2023,02:41:00 AM,Formica cinerea,D,30,30,10.59,77.201
812,8,631A,Pi03,Königsberg,6/15/2023,03:02:00 AM,Formica cinerea,D,30,30,9.977,80.317
813,8,7D4D,Pi03,Königsberg,6/15/2023,03:23:00 AM,Formica cinerea,D,30,30,9.682,81.681
814,8,BB5A,Pi03,Königsberg,6/15/2023,03:44:00 AM,Formica cinerea,D,30,30,9.608,83.699
815,8,A972,Pi03,Königsberg,6/15/2023,04:05:00 AM,Formica cinerea,D,30,30,9.262,83.778
816,8,FB37,Pi03,Königsberg,6/15/2023,04:26:00 AM,Formica cinerea,D,30,30,9.064,84.82
817,8,4F53,Pi03,Königsberg,6/15/2023,04:47:00 AM,Formica cinerea,D,30,30,8.742,86.795
818,8,37DB,Pi03,Königsberg,6/15/2023,05:08:00 AM,Formica cinerea,D,30,30,9.608,89.041
819,8,349,Pi03,Königsberg,6/15/2023,05:29:00 AM,Formica cinerea,D,30,30,10.932,85.205
820,8,1C29,Pi03,Königsberg,6/15/2023,05:50:00 AM,Formica cinerea,D,30,30,11.078,83.261
821,8,9B80,Pi03,Königsberg,6/15/2023,06:11:00 AM,Formica cinerea,D,30,30,11.565,83.4
822,8,3702,Pi03,Königsberg,6/15/2023,06:32:00 AM,Formica cinerea,D,30,30,12.001,82.934
823,8,20000,Pi03,Königsberg,6/15/2023,06:53:00 AM,Formica cinerea,D,30,30,15.318,78.758
824,8,7F80,Pi03,Königsberg,6/15/2023,07:14:00 AM,Formica cinerea,D,30,30,18.961,65.017
825,8,EDA1,Pi03,Königsberg,6/15/2023,07:35:00 AM,Formica cinerea,D,30,30,18.842,60.201
826,8,4ABD,Pi03,Königsberg,6/15/2023,07:56:00 AM,Formica cinerea,D,30,30,21.318,52.362
827,8,FCB3,Pi03,Königsberg,6/15/2023,08:17:00 AM,Formica cinerea,D,30,30,22.896,46.206
828,8,82CD,Pi03,Königsberg,6/15/2023,08:38:00 AM,Formica cinerea,D,30,30,20.507,51.875
829,8,7185,Pi03,Königsberg,6/15/2023,08:59:00 AM,Formica cinerea,D,30,30,24.074,46.254
830,8,79AC,Pi03,Königsberg,6/15/2023,09:20:00 AM,Formica cinerea,D,30,30,25.695,38.516
831,8,1467,Pi03,Königsberg,6/15/2023,09:41:00 AM,Formica cinerea,D,30,30,24.677,40.187
832,8,306C,Pi03,Königsberg,6/15/2023,10:02:00 AM,Formica cinerea,D,30,30,29.615,32.455
833,8,8BCA,Pi03,Königsberg,6/15/2023,10:23:00 AM,Formica cinerea,D,30,30,29.916,29.957
834,8,C6BA,Pi03,Königsberg,6/15/2023,10:44:00 AM,Formica cinerea,D,30,30,30.192,26.4
835,8,2938,Pi03,Königsberg,6/15/2023,11:05:00 AM,Formica cinerea,D,13,30,32.691,24.21
836,8,41D7,Pi03,Königsberg,6/15/2023,11:26:00 AM,Formica cinerea,D,30,13,30.318,27.204
837,8,39A5,Pi03,Königsberg,6/15/2023,11:47:00 AM,Formica cinerea,D,30,30,31.026,25.037
838,8,5B16,Pi03,Königsberg,6/15/2023,12:08:00 PM,Formica cinerea,D,30,30,29.09,26.664
839,8,BC8F,Pi03,Königsberg,6/15/2023,12:29:00 PM,Formica cinerea,D,5,30,30.268,24.011
840,8,19F4,Pi03,Königsberg,6/15/2023,12:50:00 PM,Formica cinerea,D,15,5,31.689,24.456
841,8,FC4F,Pi03,Königsberg,6/15/2023,01:11:00 PM,Formica cinerea,D,30,15,28.99,28.444
842,8,83F4,Pi03,Königsberg,6/15/2023,01:32:00 PM,Formica cinerea,D,30,30,27.677,30.047
843,8,1634,Pi03,Königsberg,6/15/2023,01:53:00 PM,Formica cinerea,D,30,30,28.122,28.786
844,8,3BF0,Pi03,Königsberg,6/15/2023,02:14:00 PM,Formica cinerea,D,30,30,28.147,33.003
845,8,D432,Pi03,Königsberg,6/15/2023,02:35:00 PM,Formica cinerea,D,30,30,28.048,28.575
846,8,EF4F,Pi03,Königsberg,6/15/2023,02:57:00 PM,Formica cinerea,D,30,30,27.308,29.54
847,8,9B24,Pi03,Königsberg,6/15/2023,03:18:00 PM,Formica cinerea,D,30,30,26.818,31.535
848,8,F734,Pi03,Königsberg,6/15/2023,03:39:00 PM,Formica cinerea,D,30,30,26.549,30.564
849,8,9275,Pi03,Königsberg,6/15/2023,04:00:00 PM,Formica cinerea,D,30,30,26.5,30.255
850,8,547D,Pi03,Königsberg,6/15/2023,04:21:00 PM,Formica cinerea,D,30,30,25.939,30.174
851,8,EB89,Pi03,Königsberg,6/15/2023,04:42:00 PM,Formica cinerea,D,30,30,27.333,29.746
852,8,6146,Pi03,Königsberg,6/15/2023,05:03:00 PM,Formica cinerea,D,30,30,30.748,24.357
853,8,CC00,Pi03,Königsberg,6/15/2023,05:24:00 PM,Formica cinerea,D,30,30,29.34,26.13
854,8,8E+040,Pi03,Königsberg,6/15/2023,05:45:00 PM,Formica cinerea,D,30,30,26.891,28.893
855,8,3766,Pi03,Königsberg,6/15/2023,06:06:00 PM,Formica cinerea,D,30,30,26.451,30.353
856,8,C1CF,Pi03,Königsberg,6/15/2023,06:27:00 PM,Formica cinerea,D,30,30,25.841,29.895
857,8,812C,Pi03,Königsberg,6/15/2023,06:48:00 PM,Formica cinerea,D,30,30,24.581,33.789
858,8,2C11,Pi03,Königsberg,6/15/2023,07:09:00 PM,Formica cinerea,D,30,30,23.521,34.457
859,8,B14F,Pi03,Königsberg,6/15/2023,07:30:00 PM,Formica cinerea,D,30,30,21.509,42.375
860,8,3D47,Pi03,Königsberg,6/15/2023,07:51:00 PM,Formica cinerea,D,30,30,20.412,48.059
861,8,53C0,Pi03,Königsberg,6/15/2023,08:12:00 PM,Formica cinerea,D,30,30,19.627,50.661
862,8,0BA1,Pi03,Königsberg,6/15/2023,08:33:00 PM,Formica cinerea,D,30,30,18.247,53.946
863,8,6F73,Pi03,Königsberg,6/15/2023,08:54:00 PM,Formica cinerea,D,30,30,17.605,55.877
864,8,BAB8,Pi03,Königsberg,6/15/2023,09:15:00 PM,Formica cinerea,D,30,30,17.082,56.805
865,8,46B3,Pi03,Königsberg,6/15/2023,09:36:00 PM,Formica cinerea,D,30,30,16.558,58.843
866,8,436,Pi03,Königsberg,6/15/2023,09:57:00 PM,Formica cinerea,D,30,30,17.201,59.276
867,8,46C4,Pi03,Königsberg,6/15/2023,10:18:00 PM,Formica cinerea,D,30,30,17.843,57.012
868,8,A29E,Pi03,Königsberg,6/15/2023,10:39:00 PM,Formica cinerea,D,30,30,17.677,58.08
869,8,183A,Pi03,Königsberg,6/15/2023,11:00:00 PM,Formica cinerea,D,30,30,17.153,64.379
870,8,0BE7,Pi03,Königsberg,6/15/2023,11:21:00 PM,Formica cinerea,D,30,30,17.201,63.823
871,8,6ADE,Pi03,Königsberg,6/15/2023,11:42:00 PM,Formica cinerea,D,30,30,16.63,65.704
872,8,3C62,Pi03,Königsberg,6/16/2023,12:03:00 AM,Formica cinerea,D,30,30,15.079,69.212
873,8,2219,Pi03,Königsberg,6/16/2023,12:24:00 AM,Formica cinerea,D,30,30,14.601,71.191
874,8,443D,Pi03,Königsberg,6/16/2023,12:45:00 AM,Formica cinerea,D,30,30,15.294,73.01
875,8,7969,Pi03,Königsberg,6/16/2023,01:06:00 AM,Formica cinerea,D,30,30,15.676,74.223
876,8,1D2B,Pi03,Königsberg,6/16/2023,01:27:00 AM,Formica cinerea,D,16,30,15.557,88.279
877,8,B8F6,Pi03,Königsberg,6/16/2023,01:48:00 AM,Formica cinerea,D,30,16,14.649,94.886
878,8,D09E,Pi03,Königsberg,6/16/2023,02:09:00 AM,Formica cinerea,D,30,30,14.697,96.469
879,8,7146,Pi03,Königsberg,6/16/2023,02:30:00 AM,Formica cinerea,D,30,30,14.768,97.409
880,8,7D8A,Pi03,Königsberg,6/16/2023,02:51:00 AM,Formica cinerea,D,30,30,14.745,97.836
881,8,4C21,Pi03,Königsberg,6/16/2023,03:12:00 AM,Formica cinerea,D,30,30,14.768,98.25
882,8,C524,Pi03,Königsberg,6/16/2023,03:33:00 AM,Formica cinerea,D,30,30,14.745,98.802
883,8,A22B,Pi03,Königsberg,6/16/2023,03:54:00 AM,Formica cinerea,D,30,30,14.601,98.509
884,8,05FB,Pi03,Königsberg,6/16/2023,04:15:00 AM,Formica cinerea,D,30,30,14.457,98.875
885,8,1CD1,Pi03,Königsberg,6/16/2023,04:36:00 AM,Formica cinerea,D,30,30,14.457,98.926
886,8,743D,Pi03,Königsberg,6/16/2023,04:57:00 AM,Formica cinerea,D,30,30,14.457,98.951
887,8,CC04,Pi03,Königsberg,6/16/2023,05:18:00 AM,Formica cinerea,D,30,30,14.29,98.779
888,8,F529,Pi03,Königsberg,6/16/2023,05:39:00 AM,Formica cinerea,D,30,30,14.218,98.759
889,8,BAD3,Pi03,Königsberg,6/16/2023,06:00:00 AM,Formica cinerea,D,30,30,14.266,98.316
890,8,C58B,Pi03,Königsberg,6/16/2023,06:21:00 AM,Formica cinerea,D,30,30,14.601,98.433
891,8,F0BB,Pi03,Königsberg,6/16/2023,06:42:00 AM,Formica cinerea,D,30,30,14.601,97.593
892,8,CEF8,Pi03,Königsberg,6/16/2023,07:03:00 AM,Formica cinerea,D,17,30,14.505,97.619
893,8,6187,Pi03,Königsberg,6/16/2023,07:24:00 AM,Formica cinerea,D,13,17,14.433,98.235
894,8,3049,Pi03,Königsberg,6/16/2023,07:45:00 AM,Formica cinerea,D,15,13,14.553,98.724
895,8,274F,Pi03,Königsberg,6/16/2023,08:06:00 AM,Formica cinerea,D,30,15,14.649,98.776
896,8,386E,Pi03,Königsberg,6/16/2023,08:27:00 AM,Formica cinerea,D,30,30,14.912,98.289
897,8,C8E3,Pi03,Königsberg,6/16/2023,08:48:00 AM,Formica cinerea,D,30,30,15.031,98.372
898,8,6584,Pi03,Königsberg,6/16/2023,09:09:00 AM,Formica cinerea,D,30,30,15.223,99.035
899,8,7B99,Pi03,Königsberg,6/16/2023,09:30:00 AM,Formica cinerea,D,30,30,17.534,96.732
900,8,F4E8,Pi03,Königsberg,6/16/2023,09:51:00 AM,Formica cinerea,D,30,30,18.343,92.056
901,8,604C,Pi03,Königsberg,6/16/2023,10:12:00 AM,Formica cinerea,D,30,30,17.534,94.386
